HolidayDate,HolidayDateNZ,HolidayD,HolidayMonth,HolidayYear,DayNumberOfWeek,HolidayDay,HolidayName,NationalHoliday,ObservedDate,ObservedDay
1/01/1980,1/01/1980,1,1,1980,2,Tuesday,New Year's Day,Y,1/01/1980,Tuesday
1/02/1980,2/01/1980,2,1,1980,3,Wednesday,Day after New Year's Day,Y,1/02/1980,Wednesday
01/21/1980,21/01/1980,21,1,1980,1,Monday,Wellington Anniversary,N,01/21/1980,Monday
01/28/1980,28/01/1980,28,1,1980,1,Monday,Auckland Anniversary,N,01/28/1980,Monday
2/04/1980,4/02/1980,4,2,1980,1,Monday,Nelson Anniversary,N,2/04/1980,Monday
2/06/1980,6/02/1980,6,2,1980,3,Wednesday,Waitangi Day,Y,2/06/1980,Wednesday
3/10/1980,10/03/1980,10,3,1980,1,Monday,Taranaki Anniversary,N,3/10/1980,Monday
03/24/1980,24/03/1980,24,3,1980,1,Monday,Otago Anniversary,N,03/24/1980,Monday
4/04/1980,4/04/1980,4,4,1980,5,Friday,Good Friday,Y,4/04/1980,Friday
4/07/1980,7/04/1980,7,4,1980,1,Monday,Easter Monday,Y,4/07/1980,Monday
4/08/1980,8/04/1980,8,4,1980,2,Tuesday,Southland Anniversary,N,4/08/1980,Tuesday
04/25/1980,25/04/1980,25,4,1980,5,Friday,ANZAC Day,Y,04/25/1980,Friday
6/02/1980,2/06/1980,2,6,1980,1,Monday,Queen's Birthday,Y,6/02/1980,Monday
09/22/1980,22/09/1980,22,9,1980,1,Monday,South Canterbury Anniversary,N,09/22/1980,Monday
10/24/1980,24/10/1980,24,10,1980,5,Friday,Hawke's Bay Anniversary,N,10/24/1980,Friday
10/27/1980,27/10/1980,27,10,1980,1,Monday,Labour Day,Y,10/27/1980,Monday
11/03/1980,3/11/1980,3,11,1980,1,Monday,Marlborough Anniversary,N,11/03/1980,Monday
11/14/1980,14/11/1980,14,11,1980,5,Friday,Canterbury Anniversary,N,11/14/1980,Friday
12/01/1980,1/12/1980,1,12,1980,1,Monday,Westland Anniversary,N,12/01/1980,Monday
12/01/1980,1/12/1980,1,12,1980,1,Monday,Chatham Islands Anniversary,N,12/01/1980,Monday
12/25/1980,25/12/1980,25,12,1980,4,Thursday,Christmas Day,Y,12/25/1980,Thursday
12/26/1980,26/12/1980,26,12,1980,5,Friday,Boxing Day,Y,12/26/1980,Friday
1/01/1981,1/01/1981,1,1,1981,4,Thursday,New Year's Day,Y,1/01/1981,Thursday
1/02/1981,2/01/1981,2,1,1981,5,Friday,Day after New Year's Day,Y,1/02/1981,Friday
01/19/1981,19/01/1981,19,1,1981,1,Monday,Wellington Anniversary,N,01/19/1981,Monday
01/26/1981,26/01/1981,26,1,1981,1,Monday,Auckland Anniversary,N,01/26/1981,Monday
2/02/1981,2/02/1981,2,2,1981,1,Monday,Nelson Anniversary,N,2/02/1981,Monday
2/06/1981,6/02/1981,6,2,1981,5,Friday,Waitangi Day,Y,2/06/1981,Friday
3/09/1981,9/03/1981,9,3,1981,1,Monday,Taranaki Anniversary,N,3/09/1981,Monday
03/23/1981,23/03/1981,23,3,1981,1,Monday,Otago Anniversary,N,03/23/1981,Monday
04/17/1981,17/04/1981,17,4,1981,5,Friday,Good Friday,Y,04/17/1981,Friday
04/20/1981,20/04/1981,20,4,1981,1,Monday,Easter Monday,Y,04/20/1981,Monday
04/21/1981,21/04/1981,21,4,1981,2,Tuesday,Southland Anniversary,N,04/21/1981,Tuesday
04/25/1981,25/04/1981,25,4,1981,6,Saturday,ANZAC Day,Y,04/25/1981,Saturday
6/01/1981,1/06/1981,1,6,1981,1,Monday,Queen's Birthday,Y,6/01/1981,Monday
09/28/1981,28/09/1981,28,9,1981,1,Monday,South Canterbury Anniversary,N,09/28/1981,Monday
10/23/1981,23/10/1981,23,10,1981,5,Friday,Hawke's Bay Anniversary,N,10/23/1981,Friday
10/26/1981,26/10/1981,26,10,1981,1,Monday,Labour Day,Y,10/26/1981,Monday
11/02/1981,2/11/1981,2,11,1981,1,Monday,Marlborough Anniversary,N,11/02/1981,Monday
11/13/1981,13/11/1981,13,11,1981,5,Friday,Canterbury Anniversary,N,11/13/1981,Friday
11/30/1981,30/11/1981,30,11,1981,1,Monday,Westland Anniversary,N,11/30/1981,Monday
11/30/1981,30/11/1981,30,11,1981,1,Monday,Chatham Islands Anniversary,N,11/30/1981,Monday
12/25/1981,25/12/1981,25,12,1981,5,Friday,Christmas Day,Y,12/25/1981,Friday
12/26/1981,26/12/1981,26,12,1981,6,Saturday,Boxing Day,Y,12/28/1981,Monday
1/01/1982,1/01/1982,1,1,1982,5,Friday,New Year's Day,Y,1/01/1982,Friday
1/02/1982,2/01/1982,2,1,1982,6,Saturday,Day after New Year's Day,Y,1/04/1982,Monday
01/25/1982,25/01/1982,25,1,1982,1,Monday,Wellington Anniversary,N,01/25/1982,Monday
2/01/1982,1/02/1982,1,2,1982,1,Monday,Auckland Anniversary,N,2/01/1982,Monday
2/01/1982,1/02/1982,1,2,1982,1,Monday,Nelson Anniversary,N,2/01/1982,Monday
2/06/1982,6/02/1982,6,2,1982,6,Saturday,Waitangi Day,Y,2/06/1982,Saturday
3/08/1982,8/03/1982,8,3,1982,1,Monday,Taranaki Anniversary,N,3/08/1982,Monday
03/22/1982,22/03/1982,22,3,1982,1,Monday,Otago Anniversary,N,03/22/1982,Monday
4/09/1982,9/04/1982,9,4,1982,5,Friday,Good Friday,Y,4/09/1982,Friday
4/12/1982,12/04/1982,12,4,1982,1,Monday,Easter Monday,Y,4/12/1982,Monday
04/13/1982,13/04/1982,13,4,1982,2,Tuesday,Southland Anniversary,N,04/13/1982,Tuesday
04/25/1982,25/04/1982,25,4,1982,7,Sunday,ANZAC Day,Y,04/25/1982,Sunday
6/07/1982,7/06/1982,7,6,1982,1,Monday,Queen's Birthday,Y,6/07/1982,Monday
09/27/1982,27/09/1982,27,9,1982,1,Monday,South Canterbury Anniversary,N,09/27/1982,Monday
10/22/1982,22/10/1982,22,10,1982,5,Friday,Hawke's Bay Anniversary,N,10/22/1982,Friday
10/25/1982,25/10/1982,25,10,1982,1,Monday,Labour Day,Y,10/25/1982,Monday
11/01/1982,1/11/1982,1,11,1982,1,Monday,Marlborough Anniversary,N,11/01/1982,Monday
11/12/1982,12/11/1982,12,11,1982,5,Friday,Canterbury Anniversary,N,11/12/1982,Friday
11/29/1982,29/11/1982,29,11,1982,1,Monday,Westland Anniversary,N,11/29/1982,Monday
11/29/1982,29/11/1982,29,11,1982,1,Monday,Chatham Islands Anniversary,N,11/29/1982,Monday
12/25/1982,25/12/1982,25,12,1982,6,Saturday,Christmas Day,Y,12/27/1982,Monday
12/26/1982,26/12/1982,26,12,1982,7,Sunday,Boxing Day,Y,12/27/1982,Monday
1/01/1983,1/01/1983,1,1,1983,6,Saturday,New Year's Day,Y,1/03/1983,Monday
1/02/1983,2/01/1983,2,1,1983,7,Sunday,Day after New Year's Day,Y,1/03/1983,Monday
01/24/1983,24/01/1983,24,1,1983,1,Monday,Wellington Anniversary,N,01/24/1983,Monday
01/31/1983,31/01/1983,31,1,1983,1,Monday,Auckland Anniversary,N,01/31/1983,Monday
01/31/1983,31/01/1983,31,1,1983,1,Monday,Nelson Anniversary,N,01/31/1983,Monday
2/06/1983,6/02/1983,6,2,1983,7,Sunday,Waitangi Day,Y,2/06/1983,Sunday
03/14/1983,14/03/1983,14,3,1983,1,Monday,Taranaki Anniversary,N,03/14/1983,Monday
03/21/1983,21/03/1983,21,3,1983,1,Monday,Otago Anniversary,N,03/21/1983,Monday
4/01/1983,1/04/1983,1,4,1983,5,Friday,Good Friday,Y,4/01/1983,Friday
4/04/1983,4/04/1983,4,4,1983,1,Monday,Easter Monday,Y,4/04/1983,Monday
4/05/1983,5/04/1983,5,4,1983,2,Tuesday,Southland Anniversary,N,4/05/1983,Tuesday
04/25/1983,25/04/1983,25,4,1983,1,Monday,ANZAC Day,Y,04/25/1983,Monday
6/06/1983,6/06/1983,6,6,1983,1,Monday,Queen's Birthday,Y,6/06/1983,Monday
09/26/1983,26/09/1983,26,9,1983,1,Monday,South Canterbury Anniversary,N,09/26/1983,Monday
10/21/1983,21/10/1983,21,10,1983,5,Friday,Hawke's Bay Anniversary,N,10/21/1983,Friday
10/24/1983,24/10/1983,24,10,1983,1,Monday,Labour Day,Y,10/24/1983,Monday
10/31/1983,31/10/1983,31,10,1983,1,Monday,Marlborough Anniversary,N,10/31/1983,Monday
11/11/1983,11/11/1983,11,11,1983,5,Friday,Canterbury Anniversary,N,11/11/1983,Friday
11/28/1983,28/11/1983,28,11,1983,1,Monday,Westland Anniversary,N,11/28/1983,Monday
11/28/1983,28/11/1983,28,11,1983,1,Monday,Chatham Islands Anniversary,N,11/28/1983,Monday
12/25/1983,25/12/1983,25,12,1983,7,Sunday,Christmas Day,Y,12/27/1983,Tuesday
12/26/1983,26/12/1983,26,12,1983,1,Monday,Boxing Day,Y,12/26/1983,Monday
1/01/1984,1/01/1984,1,1,1984,7,Sunday,New Year's Day,Y,1/03/1984,Tuesday
1/02/1984,2/01/1984,2,1,1984,1,Monday,Day after New Year's Day,Y,1/02/1984,Monday
01/23/1984,23/01/1984,23,1,1984,1,Monday,Wellington Anniversary,N,01/23/1984,Monday
01/30/1984,30/01/1984,30,1,1984,1,Monday,Auckland Anniversary,N,01/30/1984,Monday
01/30/1984,30/01/1984,30,1,1984,1,Monday,Nelson Anniversary,N,01/30/1984,Monday
2/06/1984,6/02/1984,6,2,1984,1,Monday,Waitangi Day,Y,2/06/1984,Monday
3/12/1984,12/03/1984,12,3,1984,1,Monday,Taranaki Anniversary,N,3/12/1984,Monday
03/26/1984,26/03/1984,26,3,1984,1,Monday,Otago Anniversary,N,03/26/1984,Monday
04/20/1984,20/04/1984,20,4,1984,5,Friday,Good Friday,Y,04/20/1984,Friday
04/23/1984,23/04/1984,23,4,1984,1,Monday,Easter Monday,Y,04/23/1984,Monday
04/24/1984,24/04/1984,24,4,1984,2,Tuesday,Southland Anniversary,N,04/24/1984,Tuesday
04/25/1984,25/04/1984,25,4,1984,3,Wednesday,ANZAC Day,Y,04/25/1984,Wednesday
6/04/1984,4/06/1984,4,6,1984,1,Monday,Queen's Birthday,Y,6/04/1984,Monday
09/24/1984,24/09/1984,24,9,1984,1,Monday,South Canterbury Anniversary,N,09/24/1984,Monday
10/19/1984,19/10/1984,19,10,1984,5,Friday,Hawke's Bay Anniversary,N,10/19/1984,Friday
10/22/1984,22/10/1984,22,10,1984,1,Monday,Labour Day,Y,10/22/1984,Monday
10/29/1984,29/10/1984,29,10,1984,1,Monday,Marlborough Anniversary,N,10/29/1984,Monday
11/16/1984,16/11/1984,16,11,1984,5,Friday,Canterbury Anniversary,N,11/16/1984,Friday
12/03/1984,3/12/1984,3,12,1984,1,Monday,Westland Anniversary,N,12/03/1984,Monday
12/03/1984,3/12/1984,3,12,1984,1,Monday,Chatham Islands Anniversary,N,12/03/1984,Monday
12/25/1984,25/12/1984,25,12,1984,2,Tuesday,Christmas Day,Y,12/25/1984,Tuesday
12/26/1984,26/12/1984,26,12,1984,3,Wednesday,Boxing Day,Y,12/26/1984,Wednesday
1/01/1985,1/01/1985,1,1,1985,2,Tuesday,New Year's Day,Y,1/01/1985,Tuesday
1/02/1985,2/01/1985,2,1,1985,3,Wednesday,Day after New Year's Day,Y,1/02/1985,Wednesday
01/21/1985,21/01/1985,21,1,1985,1,Monday,Wellington Anniversary,N,01/21/1985,Monday
01/28/1985,28/01/1985,28,1,1985,1,Monday,Auckland Anniversary,N,01/28/1985,Monday
2/04/1985,4/02/1985,4,2,1985,1,Monday,Nelson Anniversary,N,2/04/1985,Monday
2/06/1985,6/02/1985,6,2,1985,3,Wednesday,Waitangi Day,Y,2/06/1985,Wednesday
3/11/1985,11/03/1985,11,3,1985,1,Monday,Taranaki Anniversary,N,3/11/1985,Monday
03/25/1985,25/03/1985,25,3,1985,1,Monday,Otago Anniversary,N,03/25/1985,Monday
4/05/1985,5/04/1985,5,4,1985,5,Friday,Good Friday,Y,4/05/1985,Friday
4/08/1985,8/04/1985,8,4,1985,1,Monday,Easter Monday,Y,4/08/1985,Monday
4/09/1985,9/04/1985,9,4,1985,2,Tuesday,Southland Anniversary,N,4/09/1985,Tuesday
04/25/1985,25/04/1985,25,4,1985,4,Thursday,ANZAC Day,Y,04/25/1985,Thursday
6/03/1985,3/06/1985,3,6,1985,1,Monday,Queen's Birthday,Y,6/03/1985,Monday
09/23/1985,23/09/1985,23,9,1985,1,Monday,South Canterbury Anniversary,N,09/23/1985,Monday
10/25/1985,25/10/1985,25,10,1985,5,Friday,Hawke's Bay Anniversary,N,10/25/1985,Friday
10/28/1985,28/10/1985,28,10,1985,1,Monday,Labour Day,Y,10/28/1985,Monday
11/04/1985,4/11/1985,4,11,1985,1,Monday,Marlborough Anniversary,N,11/04/1985,Monday
11/15/1985,15/11/1985,15,11,1985,5,Friday,Canterbury Anniversary,N,11/15/1985,Friday
12/02/1985,2/12/1985,2,12,1985,1,Monday,Westland Anniversary,N,12/02/1985,Monday
12/02/1985,2/12/1985,2,12,1985,1,Monday,Chatham Islands Anniversary,N,12/02/1985,Monday
12/25/1985,25/12/1985,25,12,1985,3,Wednesday,Christmas Day,Y,12/25/1985,Wednesday
12/26/1985,26/12/1985,26,12,1985,4,Thursday,Boxing Day,Y,12/26/1985,Thursday
1/01/1986,1/01/1986,1,1,1986,3,Wednesday,New Year's Day,Y,1/01/1986,Wednesday
1/02/1986,2/01/1986,2,1,1986,4,Thursday,Day after New Year's Day,Y,1/02/1986,Thursday
01/20/1986,20/01/1986,20,1,1986,1,Monday,Wellington Anniversary,N,01/20/1986,Monday
01/27/1986,27/01/1986,27,1,1986,1,Monday,Auckland Anniversary,N,01/27/1986,Monday
2/03/1986,3/02/1986,3,2,1986,1,Monday,Nelson Anniversary,N,2/03/1986,Monday
2/06/1986,6/02/1986,6,2,1986,4,Thursday,Waitangi Day,Y,2/06/1986,Thursday
3/10/1986,10/03/1986,10,3,1986,1,Monday,Taranaki Anniversary,N,3/10/1986,Monday
03/24/1986,24/03/1986,24,3,1986,1,Monday,Otago Anniversary,N,03/24/1986,Monday
03/28/1986,28/03/1986,28,3,1986,5,Friday,Good Friday,Y,03/28/1986,Friday
03/31/1986,31/03/1986,31,3,1986,1,Monday,Easter Monday,Y,03/31/1986,Monday
4/01/1986,1/04/1986,1,4,1986,2,Tuesday,Southland Anniversary,N,4/01/1986,Tuesday
04/25/1986,25/04/1986,25,4,1986,5,Friday,ANZAC Day,Y,04/25/1986,Friday
6/02/1986,2/06/1986,2,6,1986,1,Monday,Queen's Birthday,Y,6/02/1986,Monday
09/22/1986,22/09/1986,22,9,1986,1,Monday,South Canterbury Anniversary,N,09/22/1986,Monday
10/24/1986,24/10/1986,24,10,1986,5,Friday,Hawke's Bay Anniversary,N,10/24/1986,Friday
10/27/1986,27/10/1986,27,10,1986,1,Monday,Labour Day,Y,10/27/1986,Monday
11/03/1986,3/11/1986,3,11,1986,1,Monday,Marlborough Anniversary,N,11/03/1986,Monday
11/14/1986,14/11/1986,14,11,1986,5,Friday,Canterbury Anniversary,N,11/14/1986,Friday
12/01/1986,1/12/1986,1,12,1986,1,Monday,Westland Anniversary,N,12/01/1986,Monday
12/01/1986,1/12/1986,1,12,1986,1,Monday,Chatham Islands Anniversary,N,12/01/1986,Monday
12/25/1986,25/12/1986,25,12,1986,4,Thursday,Christmas Day,Y,12/25/1986,Thursday
12/26/1986,26/12/1986,26,12,1986,5,Friday,Boxing Day,Y,12/26/1986,Friday
1/01/1987,1/01/1987,1,1,1987,4,Thursday,New Year's Day,Y,1/01/1987,Thursday
1/02/1987,2/01/1987,2,1,1987,5,Friday,Day after New Year's Day,Y,1/02/1987,Friday
01/19/1987,19/01/1987,19,1,1987,1,Monday,Wellington Anniversary,N,01/19/1987,Monday
01/26/1987,26/01/1987,26,1,1987,1,Monday,Auckland Anniversary,N,01/26/1987,Monday
2/02/1987,2/02/1987,2,2,1987,1,Monday,Nelson Anniversary,N,2/02/1987,Monday
2/06/1987,6/02/1987,6,2,1987,5,Friday,Waitangi Day,Y,2/06/1987,Friday
3/09/1987,9/03/1987,9,3,1987,1,Monday,Taranaki Anniversary,N,3/09/1987,Monday
03/23/1987,23/03/1987,23,3,1987,1,Monday,Otago Anniversary,N,03/23/1987,Monday
04/17/1987,17/04/1987,17,4,1987,5,Friday,Good Friday,Y,04/17/1987,Friday
04/20/1987,20/04/1987,20,4,1987,1,Monday,Easter Monday,Y,04/20/1987,Monday
04/21/1987,21/04/1987,21,4,1987,2,Tuesday,Southland Anniversary,N,04/21/1987,Tuesday
04/25/1987,25/04/1987,25,4,1987,6,Saturday,ANZAC Day,Y,04/25/1987,Saturday
6/01/1987,1/06/1987,1,6,1987,1,Monday,Queen's Birthday,Y,6/01/1987,Monday
09/28/1987,28/09/1987,28,9,1987,1,Monday,South Canterbury Anniversary,N,09/28/1987,Monday
10/23/1987,23/10/1987,23,10,1987,5,Friday,Hawke's Bay Anniversary,N,10/23/1987,Friday
10/26/1987,26/10/1987,26,10,1987,1,Monday,Labour Day,Y,10/26/1987,Monday
11/02/1987,2/11/1987,2,11,1987,1,Monday,Marlborough Anniversary,N,11/02/1987,Monday
11/13/1987,13/11/1987,13,11,1987,5,Friday,Canterbury Anniversary,N,11/13/1987,Friday
11/30/1987,30/11/1987,30,11,1987,1,Monday,Westland Anniversary,N,11/30/1987,Monday
11/30/1987,30/11/1987,30,11,1987,1,Monday,Chatham Islands Anniversary,N,11/30/1987,Monday
12/25/1987,25/12/1987,25,12,1987,5,Friday,Christmas Day,Y,12/25/1987,Friday
12/26/1987,26/12/1987,26,12,1987,6,Saturday,Boxing Day,Y,12/28/1987,Monday
1/01/1988,1/01/1988,1,1,1988,5,Friday,New Year's Day,Y,1/01/1988,Friday
1/02/1988,2/01/1988,2,1,1988,6,Saturday,Day after New Year's Day,Y,1/04/1988,Monday
01/25/1988,25/01/1988,25,1,1988,1,Monday,Wellington Anniversary,N,01/25/1988,Monday
2/01/1988,1/02/1988,1,2,1988,1,Monday,Auckland Anniversary,N,2/01/1988,Monday
2/01/1988,1/02/1988,1,2,1988,1,Monday,Nelson Anniversary,N,2/01/1988,Monday
2/06/1988,6/02/1988,6,2,1988,6,Saturday,Waitangi Day,Y,2/06/1988,Saturday
03/14/1988,14/03/1988,14,3,1988,1,Monday,Taranaki Anniversary,N,03/14/1988,Monday
03/21/1988,21/03/1988,21,3,1988,1,Monday,Otago Anniversary,N,03/21/1988,Monday
4/01/1988,1/04/1988,1,4,1988,5,Friday,Good Friday,Y,4/01/1988,Friday
4/04/1988,4/04/1988,4,4,1988,1,Monday,Easter Monday,Y,4/04/1988,Monday
4/05/1988,5/04/1988,5,4,1988,2,Tuesday,Southland Anniversary,N,4/05/1988,Tuesday
04/25/1988,25/04/1988,25,4,1988,1,Monday,ANZAC Day,Y,04/25/1988,Monday
6/06/1988,6/06/1988,6,6,1988,1,Monday,Queen's Birthday,Y,6/06/1988,Monday
09/26/1988,26/09/1988,26,9,1988,1,Monday,South Canterbury Anniversary,N,09/26/1988,Monday
10/21/1988,21/10/1988,21,10,1988,5,Friday,Hawke's Bay Anniversary,N,10/21/1988,Friday
10/24/1988,24/10/1988,24,10,1988,1,Monday,Labour Day,Y,10/24/1988,Monday
10/31/1988,31/10/1988,31,10,1988,1,Monday,Marlborough Anniversary,N,10/31/1988,Monday
11/11/1988,11/11/1988,11,11,1988,5,Friday,Canterbury Anniversary,N,11/11/1988,Friday
11/28/1988,28/11/1988,28,11,1988,1,Monday,Westland Anniversary,N,11/28/1988,Monday
11/28/1988,28/11/1988,28,11,1988,1,Monday,Chatham Islands Anniversary,N,11/28/1988,Monday
12/25/1988,25/12/1988,25,12,1988,7,Sunday,Christmas Day,Y,12/27/1988,Tuesday
12/26/1988,26/12/1988,26,12,1988,1,Monday,Boxing Day,Y,12/26/1988,Monday
1/01/1989,1/01/1989,1,1,1989,7,Sunday,New Year's Day,Y,1/03/1989,Tuesday
1/02/1989,2/01/1989,2,1,1989,1,Monday,Day after New Year's Day,Y,1/02/1989,Monday
01/23/1989,23/01/1989,23,1,1989,1,Monday,Wellington Anniversary,N,01/23/1989,Monday
01/30/1989,30/01/1989,30,1,1989,1,Monday,Auckland Anniversary,N,01/30/1989,Monday
01/30/1989,30/01/1989,30,1,1989,1,Monday,Nelson Anniversary,N,01/30/1989,Monday
2/06/1989,6/02/1989,6,2,1989,1,Monday,Waitangi Day,Y,2/06/1989,Monday
03/13/1989,13/03/1989,13,3,1989,1,Monday,Taranaki Anniversary,N,03/13/1989,Monday
03/20/1989,20/03/1989,20,3,1989,1,Monday,Otago Anniversary,N,03/20/1989,Monday
03/24/1989,24/03/1989,24,3,1989,5,Friday,Good Friday,Y,03/24/1989,Friday
03/27/1989,27/03/1989,27,3,1989,1,Monday,Easter Monday,Y,03/27/1989,Monday
03/28/1989,28/03/1989,28,3,1989,2,Tuesday,Southland Anniversary,N,03/28/1989,Tuesday
04/25/1989,25/04/1989,25,4,1989,2,Tuesday,ANZAC Day,Y,04/25/1989,Tuesday
6/05/1989,5/06/1989,5,6,1989,1,Monday,Queen's Birthday,Y,6/05/1989,Monday
09/25/1989,25/09/1989,25,9,1989,1,Monday,South Canterbury Anniversary,N,09/25/1989,Monday
10/20/1989,20/10/1989,20,10,1989,5,Friday,Hawke's Bay Anniversary,N,10/20/1989,Friday
10/23/1989,23/10/1989,23,10,1989,1,Monday,Labour Day,Y,10/23/1989,Monday
10/30/1989,30/10/1989,30,10,1989,1,Monday,Marlborough Anniversary,N,10/30/1989,Monday
11/17/1989,17/11/1989,17,11,1989,5,Friday,Canterbury Anniversary,N,11/17/1989,Friday
11/27/1989,27/11/1989,27,11,1989,1,Monday,Chatham Islands Anniversary,N,11/27/1989,Monday
12/04/1989,4/12/1989,4,12,1989,1,Monday,Westland Anniversary,N,12/04/1989,Monday
12/25/1989,25/12/1989,25,12,1989,1,Monday,Christmas Day,Y,12/25/1989,Monday
12/26/1989,26/12/1989,26,12,1989,2,Tuesday,Boxing Day,Y,12/26/1989,Tuesday
1/01/1990,1/01/1990,1,1,1990,1,Monday,New Year's Day,Y,1/01/1990,Monday
1/02/1990,2/01/1990,2,1,1990,2,Tuesday,Day after New Year's Day,Y,1/02/1990,Tuesday
01/22/1990,22/01/1990,22,1,1990,1,Monday,Wellington Anniversary,N,01/22/1990,Monday
01/29/1990,29/01/1990,29,1,1990,1,Monday,Auckland Anniversary,N,01/29/1990,Monday
01/29/1990,29/01/1990,29,1,1990,1,Monday,Nelson Anniversary,N,01/29/1990,Monday
2/06/1990,6/02/1990,6,2,1990,2,Tuesday,Waitangi Day,Y,2/06/1990,Tuesday
3/12/1990,12/03/1990,12,3,1990,1,Monday,Taranaki Anniversary,N,3/12/1990,Monday
03/26/1990,26/03/1990,26,3,1990,1,Monday,Otago Anniversary,N,03/26/1990,Monday
04/13/1990,13/04/1990,13,4,1990,5,Friday,Good Friday,Y,04/13/1990,Friday
04/16/1990,16/04/1990,16,4,1990,1,Monday,Easter Monday,Y,04/16/1990,Monday
04/17/1990,17/04/1990,17,4,1990,2,Tuesday,Southland Anniversary,N,04/17/1990,Tuesday
04/25/1990,25/04/1990,25,4,1990,3,Wednesday,ANZAC Day,Y,04/25/1990,Wednesday
6/04/1990,4/06/1990,4,6,1990,1,Monday,Queen's Birthday,Y,6/04/1990,Monday
09/24/1990,24/09/1990,24,9,1990,1,Monday,South Canterbury Anniversary,N,09/24/1990,Monday
10/19/1990,19/10/1990,19,10,1990,5,Friday,Hawke's Bay Anniversary,N,10/19/1990,Friday
10/22/1990,22/10/1990,22,10,1990,1,Monday,Labour Day,Y,10/22/1990,Monday
10/29/1990,29/10/1990,29,10,1990,1,Monday,Marlborough Anniversary,N,10/29/1990,Monday
11/16/1990,16/11/1990,16,11,1990,5,Friday,Canterbury Anniversary,N,11/16/1990,Friday
12/03/1990,3/12/1990,3,12,1990,1,Monday,Westland Anniversary,N,12/03/1990,Monday
12/03/1990,3/12/1990,3,12,1990,1,Monday,Chatham Islands Anniversary,N,12/03/1990,Monday
12/25/1990,25/12/1990,25,12,1990,2,Tuesday,Christmas Day,Y,12/25/1990,Tuesday
12/26/1990,26/12/1990,26,12,1990,3,Wednesday,Boxing Day,Y,12/26/1990,Wednesday
1/01/1991,1/01/1991,1,1,1991,2,Tuesday,New Year's Day,Y,1/01/1991,Tuesday
1/02/1991,2/01/1991,2,1,1991,3,Wednesday,Day after New Year's Day,Y,1/02/1991,Wednesday
01/21/1991,21/01/1991,21,1,1991,1,Monday,Wellington Anniversary,N,01/21/1991,Monday
01/28/1991,28/01/1991,28,1,1991,1,Monday,Auckland Anniversary,N,01/28/1991,Monday
2/04/1991,4/02/1991,4,2,1991,1,Monday,Nelson Anniversary,N,2/04/1991,Monday
2/06/1991,6/02/1991,6,2,1991,3,Wednesday,Waitangi Day,Y,2/06/1991,Wednesday
3/11/1991,11/03/1991,11,3,1991,1,Monday,Taranaki Anniversary,N,3/11/1991,Monday
03/25/1991,25/03/1991,25,3,1991,1,Monday,Otago Anniversary,N,03/25/1991,Monday
03/29/1991,29/03/1991,29,3,1991,5,Friday,Good Friday,Y,03/29/1991,Friday
4/01/1991,1/04/1991,1,4,1991,1,Monday,Easter Monday,Y,4/01/1991,Monday
4/02/1991,2/04/1991,2,4,1991,2,Tuesday,Southland Anniversary,N,4/02/1991,Tuesday
04/25/1991,25/04/1991,25,4,1991,4,Thursday,ANZAC Day,Y,04/25/1991,Thursday
6/03/1991,3/06/1991,3,6,1991,1,Monday,Queen's Birthday,Y,6/03/1991,Monday
09/23/1991,23/09/1991,23,9,1991,1,Monday,South Canterbury Anniversary,N,09/23/1991,Monday
10/25/1991,25/10/1991,25,10,1991,5,Friday,Hawke's Bay Anniversary,N,10/25/1991,Friday
10/28/1991,28/10/1991,28,10,1991,1,Monday,Labour Day,Y,10/28/1991,Monday
11/04/1991,4/11/1991,4,11,1991,1,Monday,Marlborough Anniversary,N,11/04/1991,Monday
11/15/1991,15/11/1991,15,11,1991,5,Friday,Canterbury Anniversary,N,11/15/1991,Friday
12/02/1991,2/12/1991,2,12,1991,1,Monday,Westland Anniversary,N,12/02/1991,Monday
12/02/1991,2/12/1991,2,12,1991,1,Monday,Chatham Islands Anniversary,N,12/02/1991,Monday
12/25/1991,25/12/1991,25,12,1991,3,Wednesday,Christmas Day,Y,12/25/1991,Wednesday
12/26/1991,26/12/1991,26,12,1991,4,Thursday,Boxing Day,Y,12/26/1991,Thursday
1/01/1992,1/01/1992,1,1,1992,3,Wednesday,New Year's Day,Y,1/01/1992,Wednesday
1/02/1992,2/01/1992,2,1,1992,4,Thursday,Day after New Year's Day,Y,1/02/1992,Thursday
01/20/1992,20/01/1992,20,1,1992,1,Monday,Wellington Anniversary,N,01/20/1992,Monday
01/27/1992,27/01/1992,27,1,1992,1,Monday,Auckland Anniversary,N,01/27/1992,Monday
2/03/1992,3/02/1992,3,2,1992,1,Monday,Nelson Anniversary,N,2/03/1992,Monday
2/06/1992,6/02/1992,6,2,1992,4,Thursday,Waitangi Day,Y,2/06/1992,Thursday
3/09/1992,9/03/1992,9,3,1992,1,Monday,Taranaki Anniversary,N,3/09/1992,Monday
03/23/1992,23/03/1992,23,3,1992,1,Monday,Otago Anniversary,N,03/23/1992,Monday
04/17/1992,17/04/1992,17,4,1992,5,Friday,Good Friday,Y,04/17/1992,Friday
04/20/1992,20/04/1992,20,4,1992,1,Monday,Easter Monday,Y,04/20/1992,Monday
04/21/1992,21/04/1992,21,4,1992,2,Tuesday,Southland Anniversary,N,04/21/1992,Tuesday
04/25/1992,25/04/1992,25,4,1992,6,Saturday,ANZAC Day,Y,04/25/1992,Saturday
6/01/1992,1/06/1992,1,6,1992,1,Monday,Queen's Birthday,Y,6/01/1992,Monday
09/28/1992,28/09/1992,28,9,1992,1,Monday,South Canterbury Anniversary,N,09/28/1992,Monday
10/23/1992,23/10/1992,23,10,1992,5,Friday,Hawke's Bay Anniversary,N,10/23/1992,Friday
10/26/1992,26/10/1992,26,10,1992,1,Monday,Labour Day,Y,10/26/1992,Monday
11/02/1992,2/11/1992,2,11,1992,1,Monday,Marlborough Anniversary,N,11/02/1992,Monday
11/13/1992,13/11/1992,13,11,1992,5,Friday,Canterbury Anniversary,N,11/13/1992,Friday
11/30/1992,30/11/1992,30,11,1992,1,Monday,Westland Anniversary,N,11/30/1992,Monday
11/30/1992,30/11/1992,30,11,1992,1,Monday,Chatham Islands Anniversary,N,11/30/1992,Monday
12/25/1992,25/12/1992,25,12,1992,5,Friday,Christmas Day,Y,12/25/1992,Friday
12/26/1992,26/12/1992,26,12,1992,6,Saturday,Boxing Day,Y,12/28/1992,Monday
1/01/1993,1/01/1993,1,1,1993,5,Friday,New Year's Day,Y,1/01/1993,Friday
1/02/1993,2/01/1993,2,1,1993,6,Saturday,Day after New Year's Day,Y,1/04/1993,Monday
01/25/1993,25/01/1993,25,1,1993,1,Monday,Wellington Anniversary,N,01/25/1993,Monday
2/01/1993,1/02/1993,1,2,1993,1,Monday,Auckland Anniversary,N,2/01/1993,Monday
2/01/1993,1/02/1993,1,2,1993,1,Monday,Nelson Anniversary,N,2/01/1993,Monday
2/06/1993,6/02/1993,6,2,1993,6,Saturday,Waitangi Day,Y,2/06/1993,Saturday
3/08/1993,8/03/1993,8,3,1993,1,Monday,Taranaki Anniversary,N,3/08/1993,Monday
03/22/1993,22/03/1993,22,3,1993,1,Monday,Otago Anniversary,N,03/22/1993,Monday
4/09/1993,9/04/1993,9,4,1993,5,Friday,Good Friday,Y,4/09/1993,Friday
4/12/1993,12/04/1993,12,4,1993,1,Monday,Easter Monday,Y,4/12/1993,Monday
04/13/1993,13/04/1993,13,4,1993,2,Tuesday,Southland Anniversary,N,04/13/1993,Tuesday
04/25/1993,25/04/1993,25,4,1993,7,Sunday,ANZAC Day,Y,04/25/1993,Sunday
6/07/1993,7/06/1993,7,6,1993,1,Monday,Queen's Birthday,Y,6/07/1993,Monday
09/27/1993,27/09/1993,27,9,1993,1,Monday,South Canterbury Anniversary,N,09/27/1993,Monday
10/22/1993,22/10/1993,22,10,1993,5,Friday,Hawke's Bay Anniversary,N,10/22/1993,Friday
10/25/1993,25/10/1993,25,10,1993,1,Monday,Labour Day,Y,10/25/1993,Monday
11/01/1993,1/11/1993,1,11,1993,1,Monday,Marlborough Anniversary,N,11/01/1993,Monday
11/12/1993,12/11/1993,12,11,1993,5,Friday,Canterbury Anniversary,N,11/12/1993,Friday
11/29/1993,29/11/1993,29,11,1993,1,Monday,Westland Anniversary,N,11/29/1993,Monday
11/29/1993,29/11/1993,29,11,1993,1,Monday,Chatham Islands Anniversary,N,11/29/1993,Monday
12/25/1993,25/12/1993,25,12,1993,6,Saturday,Christmas Day,Y,12/27/1993,Monday
12/26/1993,26/12/1993,26,12,1993,7,Sunday,Boxing Day,Y,12/27/1993,Monday
1/01/1994,1/01/1994,1,1,1994,6,Saturday,New Year's Day,Y,1/03/1994,Monday
1/02/1994,2/01/1994,2,1,1994,7,Sunday,Day after New Year's Day,Y,1/03/1994,Monday
01/24/1994,24/01/1994,24,1,1994,1,Monday,Wellington Anniversary,N,01/24/1994,Monday
01/31/1994,31/01/1994,31,1,1994,1,Monday,Auckland Anniversary,N,01/31/1994,Monday
01/31/1994,31/01/1994,31,1,1994,1,Monday,Nelson Anniversary,N,01/31/1994,Monday
2/06/1994,6/02/1994,6,2,1994,7,Sunday,Waitangi Day,Y,2/06/1994,Sunday
03/14/1994,14/03/1994,14,3,1994,1,Monday,Taranaki Anniversary,N,03/14/1994,Monday
03/21/1994,21/03/1994,21,3,1994,1,Monday,Otago Anniversary,N,03/21/1994,Monday
4/01/1994,1/04/1994,1,4,1994,5,Friday,Good Friday,Y,4/01/1994,Friday
4/04/1994,4/04/1994,4,4,1994,1,Monday,Easter Monday,Y,4/04/1994,Monday
4/05/1994,5/04/1994,5,4,1994,2,Tuesday,Southland Anniversary,N,4/05/1994,Tuesday
04/25/1994,25/04/1994,25,4,1994,1,Monday,ANZAC Day,Y,04/25/1994,Monday
6/06/1994,6/06/1994,6,6,1994,1,Monday,Queen's Birthday,Y,6/06/1994,Monday
09/26/1994,26/09/1994,26,9,1994,1,Monday,South Canterbury Anniversary,N,09/26/1994,Monday
10/21/1994,21/10/1994,21,10,1994,5,Friday,Hawke's Bay Anniversary,N,10/21/1994,Friday
10/24/1994,24/10/1994,24,10,1994,1,Monday,Labour Day,Y,10/24/1994,Monday
10/31/1994,31/10/1994,31,10,1994,1,Monday,Marlborough Anniversary,N,10/31/1994,Monday
11/11/1994,11/11/1994,11,11,1994,5,Friday,Canterbury Anniversary,N,11/11/1994,Friday
11/28/1994,28/11/1994,28,11,1994,1,Monday,Westland Anniversary,N,11/28/1994,Monday
11/28/1994,28/11/1994,28,11,1994,1,Monday,Chatham Islands Anniversary,N,11/28/1994,Monday
12/25/1994,25/12/1994,25,12,1994,7,Sunday,Christmas Day,Y,12/27/1994,Tuesday
12/26/1994,26/12/1994,26,12,1994,1,Monday,Boxing Day,Y,12/26/1994,Monday
1/01/1995,1/01/1995,1,1,1995,7,Sunday,New Year's Day,Y,1/03/1995,Tuesday
1/02/1995,2/01/1995,2,1,1995,1,Monday,Day after New Year's Day,Y,1/02/1995,Monday
01/23/1995,23/01/1995,23,1,1995,1,Monday,Wellington Anniversary,N,01/23/1995,Monday
01/30/1995,30/01/1995,30,1,1995,1,Monday,Auckland Anniversary,N,01/30/1995,Monday
01/30/1995,30/01/1995,30,1,1995,1,Monday,Nelson Anniversary,N,01/30/1995,Monday
2/06/1995,6/02/1995,6,2,1995,1,Monday,Waitangi Day,Y,2/06/1995,Monday
03/13/1995,13/03/1995,13,3,1995,1,Monday,Taranaki Anniversary,N,03/13/1995,Monday
03/20/1995,20/03/1995,20,3,1995,1,Monday,Otago Anniversary,N,03/20/1995,Monday
04/14/1995,14/04/1995,14,4,1995,5,Friday,Good Friday,Y,04/14/1995,Friday
04/17/1995,17/04/1995,17,4,1995,1,Monday,Easter Monday,Y,04/17/1995,Monday
04/18/1995,18/04/1995,18,4,1995,2,Tuesday,Southland Anniversary,N,04/18/1995,Tuesday
04/25/1995,25/04/1995,25,4,1995,2,Tuesday,ANZAC Day,Y,04/25/1995,Tuesday
6/05/1995,5/06/1995,5,6,1995,1,Monday,Queen's Birthday,Y,6/05/1995,Monday
09/25/1995,25/09/1995,25,9,1995,1,Monday,South Canterbury Anniversary,N,09/25/1995,Monday
10/20/1995,20/10/1995,20,10,1995,5,Friday,Hawke's Bay Anniversary,N,10/20/1995,Friday
10/23/1995,23/10/1995,23,10,1995,1,Monday,Labour Day,Y,10/23/1995,Monday
10/30/1995,30/10/1995,30,10,1995,1,Monday,Marlborough Anniversary,N,10/30/1995,Monday
11/17/1995,17/11/1995,17,11,1995,5,Friday,Canterbury Anniversary,N,11/17/1995,Friday
11/27/1995,27/11/1995,27,11,1995,1,Monday,Chatham Islands Anniversary,N,11/27/1995,Monday
12/04/1995,4/12/1995,4,12,1995,1,Monday,Westland Anniversary,N,12/04/1995,Monday
12/25/1995,25/12/1995,25,12,1995,1,Monday,Christmas Day,Y,12/25/1995,Monday
12/26/1995,26/12/1995,26,12,1995,2,Tuesday,Boxing Day,Y,12/26/1995,Tuesday
1/01/1996,1/01/1996,1,1,1996,1,Monday,New Year's Day,Y,1/01/1996,Monday
1/02/1996,2/01/1996,2,1,1996,2,Tuesday,Day after New Year's Day,Y,1/02/1996,Tuesday
01/22/1996,22/01/1996,22,1,1996,1,Monday,Wellington Anniversary,N,01/22/1996,Monday
01/29/1996,29/01/1996,29,1,1996,1,Monday,Auckland Anniversary,N,01/29/1996,Monday
01/29/1996,29/01/1996,29,1,1996,1,Monday,Nelson Anniversary,N,01/29/1996,Monday
2/06/1996,6/02/1996,6,2,1996,2,Tuesday,Waitangi Day,Y,2/06/1996,Tuesday
3/11/1996,11/03/1996,11,3,1996,1,Monday,Taranaki Anniversary,N,3/11/1996,Monday
03/25/1996,25/03/1996,25,3,1996,1,Monday,Otago Anniversary,N,03/25/1996,Monday
4/05/1996,5/04/1996,5,4,1996,5,Friday,Good Friday,Y,4/05/1996,Friday
4/08/1996,8/04/1996,8,4,1996,1,Monday,Easter Monday,Y,4/08/1996,Monday
4/09/1996,9/04/1996,9,4,1996,2,Tuesday,Southland Anniversary,N,4/09/1996,Tuesday
04/25/1996,25/04/1996,25,4,1996,4,Thursday,ANZAC Day,Y,04/25/1996,Thursday
6/03/1996,3/06/1996,3,6,1996,1,Monday,Queen's Birthday,Y,6/03/1996,Monday
09/23/1996,23/09/1996,23,9,1996,1,Monday,South Canterbury Anniversary,N,09/23/1996,Monday
10/25/1996,25/10/1996,25,10,1996,5,Friday,Hawke's Bay Anniversary,N,10/25/1996,Friday
10/28/1996,28/10/1996,28,10,1996,1,Monday,Labour Day,Y,10/28/1996,Monday
11/04/1996,4/11/1996,4,11,1996,1,Monday,Marlborough Anniversary,N,11/04/1996,Monday
11/15/1996,15/11/1996,15,11,1996,5,Friday,Canterbury Anniversary,N,11/15/1996,Friday
12/02/1996,2/12/1996,2,12,1996,1,Monday,Westland Anniversary,N,12/02/1996,Monday
12/02/1996,2/12/1996,2,12,1996,1,Monday,Chatham Islands Anniversary,N,12/02/1996,Monday
12/25/1996,25/12/1996,25,12,1996,3,Wednesday,Christmas Day,Y,12/25/1996,Wednesday
12/26/1996,26/12/1996,26,12,1996,4,Thursday,Boxing Day,Y,12/26/1996,Thursday
1/01/1997,1/01/1997,1,1,1997,3,Wednesday,New Year's Day,Y,1/01/1997,Wednesday
1/02/1997,2/01/1997,2,1,1997,4,Thursday,Day after New Year's Day,Y,1/02/1997,Thursday
01/20/1997,20/01/1997,20,1,1997,1,Monday,Wellington Anniversary,N,01/20/1997,Monday
01/27/1997,27/01/1997,27,1,1997,1,Monday,Auckland Anniversary,N,01/27/1997,Monday
2/03/1997,3/02/1997,3,2,1997,1,Monday,Nelson Anniversary,N,2/03/1997,Monday
2/06/1997,6/02/1997,6,2,1997,4,Thursday,Waitangi Day,Y,2/06/1997,Thursday
3/10/1997,10/03/1997,10,3,1997,1,Monday,Taranaki Anniversary,N,3/10/1997,Monday
03/24/1997,24/03/1997,24,3,1997,1,Monday,Otago Anniversary,N,03/24/1997,Monday
03/28/1997,28/03/1997,28,3,1997,5,Friday,Good Friday,Y,03/28/1997,Friday
03/31/1997,31/03/1997,31,3,1997,1,Monday,Easter Monday,Y,03/31/1997,Monday
4/01/1997,1/04/1997,1,4,1997,2,Tuesday,Southland Anniversary,N,4/01/1997,Tuesday
04/25/1997,25/04/1997,25,4,1997,5,Friday,ANZAC Day,Y,04/25/1997,Friday
6/02/1997,2/06/1997,2,6,1997,1,Monday,Queen's Birthday,Y,6/02/1997,Monday
09/22/1997,22/09/1997,22,9,1997,1,Monday,South Canterbury Anniversary,N,09/22/1997,Monday
10/24/1997,24/10/1997,24,10,1997,5,Friday,Hawke's Bay Anniversary,N,10/24/1997,Friday
10/27/1997,27/10/1997,27,10,1997,1,Monday,Labour Day,Y,10/27/1997,Monday
11/03/1997,3/11/1997,3,11,1997,1,Monday,Marlborough Anniversary,N,11/03/1997,Monday
11/14/1997,14/11/1997,14,11,1997,5,Friday,Canterbury Anniversary,N,11/14/1997,Friday
12/01/1997,1/12/1997,1,12,1997,1,Monday,Westland Anniversary,N,12/01/1997,Monday
12/01/1997,1/12/1997,1,12,1997,1,Monday,Chatham Islands Anniversary,N,12/01/1997,Monday
12/25/1997,25/12/1997,25,12,1997,4,Thursday,Christmas Day,Y,12/25/1997,Thursday
12/26/1997,26/12/1997,26,12,1997,5,Friday,Boxing Day,Y,12/26/1997,Friday
1/01/1998,1/01/1998,1,1,1998,4,Thursday,New Year's Day,Y,1/01/1998,Thursday
1/02/1998,2/01/1998,2,1,1998,5,Friday,Day after New Year's Day,Y,1/02/1998,Friday
01/19/1998,19/01/1998,19,1,1998,1,Monday,Wellington Anniversary,N,01/19/1998,Monday
01/26/1998,26/01/1998,26,1,1998,1,Monday,Auckland Anniversary,N,01/26/1998,Monday
2/02/1998,2/02/1998,2,2,1998,1,Monday,Nelson Anniversary,N,2/02/1998,Monday
2/06/1998,6/02/1998,6,2,1998,5,Friday,Waitangi Day,Y,2/06/1998,Friday
3/09/1998,9/03/1998,9,3,1998,1,Monday,Taranaki Anniversary,N,3/09/1998,Monday
03/23/1998,23/03/1998,23,3,1998,1,Monday,Otago Anniversary,N,03/23/1998,Monday
4/10/1998,10/04/1998,10,4,1998,5,Friday,Good Friday,Y,4/10/1998,Friday
04/13/1998,13/04/1998,13,4,1998,1,Monday,Easter Monday,Y,04/13/1998,Monday
04/14/1998,14/04/1998,14,4,1998,2,Tuesday,Southland Anniversary,N,04/14/1998,Tuesday
04/25/1998,25/04/1998,25,4,1998,6,Saturday,ANZAC Day,Y,04/25/1998,Saturday
6/01/1998,1/06/1998,1,6,1998,1,Monday,Queen's Birthday,Y,6/01/1998,Monday
09/28/1998,28/09/1998,28,9,1998,1,Monday,South Canterbury Anniversary,N,09/28/1998,Monday
10/23/1998,23/10/1998,23,10,1998,5,Friday,Hawke's Bay Anniversary,N,10/23/1998,Friday
10/26/1998,26/10/1998,26,10,1998,1,Monday,Labour Day,Y,10/26/1998,Monday
11/02/1998,2/11/1998,2,11,1998,1,Monday,Marlborough Anniversary,N,11/02/1998,Monday
11/13/1998,13/11/1998,13,11,1998,5,Friday,Canterbury Anniversary,N,11/13/1998,Friday
11/30/1998,30/11/1998,30,11,1998,1,Monday,Westland Anniversary,N,11/30/1998,Monday
11/30/1998,30/11/1998,30,11,1998,1,Monday,Chatham Islands Anniversary,N,11/30/1998,Monday
12/25/1998,25/12/1998,25,12,1998,5,Friday,Christmas Day,Y,12/25/1998,Friday
12/26/1998,26/12/1998,26,12,1998,6,Saturday,Boxing Day,Y,12/28/1998,Monday
1/01/1999,1/01/1999,1,1,1999,5,Friday,New Year's Day,Y,1/01/1999,Friday
1/02/1999,2/01/1999,2,1,1999,6,Saturday,Day after New Year's Day,Y,1/04/1999,Monday
01/25/1999,25/01/1999,25,1,1999,1,Monday,Wellington Anniversary,N,01/25/1999,Monday
2/01/1999,1/02/1999,1,2,1999,1,Monday,Auckland Anniversary,N,2/01/1999,Monday
2/01/1999,1/02/1999,1,2,1999,1,Monday,Nelson Anniversary,N,2/01/1999,Monday
2/06/1999,6/02/1999,6,2,1999,6,Saturday,Waitangi Day,Y,2/06/1999,Saturday
3/08/1999,8/03/1999,8,3,1999,1,Monday,Taranaki Anniversary,N,3/08/1999,Monday
03/22/1999,22/03/1999,22,3,1999,1,Monday,Otago Anniversary,N,03/22/1999,Monday
4/02/1999,2/04/1999,2,4,1999,5,Friday,Good Friday,Y,4/02/1999,Friday
4/05/1999,5/04/1999,5,4,1999,1,Monday,Easter Monday,Y,4/05/1999,Monday
4/06/1999,6/04/1999,6,4,1999,2,Tuesday,Southland Anniversary,N,4/06/1999,Tuesday
04/25/1999,25/04/1999,25,4,1999,7,Sunday,ANZAC Day,Y,04/25/1999,Sunday
6/07/1999,7/06/1999,7,6,1999,1,Monday,Queen's Birthday,Y,6/07/1999,Monday
09/27/1999,27/09/1999,27,9,1999,1,Monday,South Canterbury Anniversary,N,09/27/1999,Monday
10/22/1999,22/10/1999,22,10,1999,5,Friday,Hawke's Bay Anniversary,N,10/22/1999,Friday
10/25/1999,25/10/1999,25,10,1999,1,Monday,Labour Day,Y,10/25/1999,Monday
11/01/1999,1/11/1999,1,11,1999,1,Monday,Marlborough Anniversary,N,11/01/1999,Monday
11/12/1999,12/11/1999,12,11,1999,5,Friday,Canterbury Anniversary,N,11/12/1999,Friday
11/29/1999,29/11/1999,29,11,1999,1,Monday,Westland Anniversary,N,11/29/1999,Monday
11/29/1999,29/11/1999,29,11,1999,1,Monday,Chatham Islands Anniversary,N,11/29/1999,Monday
12/25/1999,25/12/1999,25,12,1999,6,Saturday,Christmas Day,Y,12/27/1999,Monday
12/26/1999,26/12/1999,26,12,1999,7,Sunday,Boxing Day,Y,12/27/1999,Monday
1/01/2000,1/01/2000,1,1,2000,6,Saturday,New Year's Day,Y,1/03/2000,Monday
1/02/2000,2/01/2000,2,1,2000,7,Sunday,Day after New Year's Day,Y,1/03/2000,Monday
01/24/2000,24/01/2000,24,1,2000,1,Monday,Wellington Anniversary,N,01/24/2000,Monday
01/31/2000,31/01/2000,31,1,2000,1,Monday,Auckland Anniversary,N,01/31/2000,Monday
01/31/2000,31/01/2000,31,1,2000,1,Monday,Nelson Anniversary,N,01/31/2000,Monday
2/06/2000,6/02/2000,6,2,2000,7,Sunday,Waitangi Day,Y,2/06/2000,Sunday
03/13/2000,13/03/2000,13,3,2000,1,Monday,Taranaki Anniversary,N,03/13/2000,Monday
03/20/2000,20/03/2000,20,3,2000,1,Monday,Otago Anniversary,N,03/20/2000,Monday
04/21/2000,21/04/2000,21,4,2000,5,Friday,Good Friday,Y,04/21/2000,Friday
04/24/2000,24/04/2000,24,4,2000,1,Monday,Easter Monday,Y,04/24/2000,Monday
04/25/2000,25/04/2000,25,4,2000,2,Tuesday,ANZAC Day,Y,04/25/2000,Tuesday
04/25/2000,25/04/2000,25,4,2000,2,Tuesday,Southland Anniversary,N,04/25/2000,Tuesday
6/05/2000,5/06/2000,5,6,2000,1,Monday,Queen's Birthday,Y,6/05/2000,Monday
09/25/2000,25/09/2000,25,9,2000,1,Monday,South Canterbury Anniversary,N,09/25/2000,Monday
10/20/2000,20/10/2000,20,10,2000,5,Friday,Hawke's Bay Anniversary,N,10/20/2000,Friday
10/23/2000,23/10/2000,23,10,2000,1,Monday,Labour Day,Y,10/23/2000,Monday
10/30/2000,30/10/2000,30,10,2000,1,Monday,Marlborough Anniversary,N,10/30/2000,Monday
11/17/2000,17/11/2000,17,11,2000,5,Friday,Canterbury Anniversary,N,11/17/2000,Friday
11/27/2000,27/11/2000,27,11,2000,1,Monday,Chatham Islands Anniversary,N,11/27/2000,Monday
12/04/2000,4/12/2000,4,12,2000,1,Monday,Westland Anniversary,N,12/04/2000,Monday
12/25/2000,25/12/2000,25,12,2000,1,Monday,Christmas Day,Y,12/25/2000,Monday
12/26/2000,26/12/2000,26,12,2000,2,Tuesday,Boxing Day,Y,12/26/2000,Tuesday
1/01/2001,1/01/2001,1,1,2001,1,Monday,New Year's Day,Y,1/01/2001,Monday
1/02/2001,2/01/2001,2,1,2001,2,Tuesday,Day after New Year's Day,Y,1/02/2001,Tuesday
01/22/2001,22/01/2001,22,1,2001,1,Monday,Wellington Anniversary,N,01/22/2001,Monday
01/29/2001,29/01/2001,29,1,2001,1,Monday,Auckland Anniversary,N,01/29/2001,Monday
01/29/2001,29/01/2001,29,1,2001,1,Monday,Nelson Anniversary,N,01/29/2001,Monday
2/06/2001,6/02/2001,6,2,2001,2,Tuesday,Waitangi Day,Y,2/06/2001,Tuesday
3/12/2001,12/03/2001,12,3,2001,1,Monday,Taranaki Anniversary,N,3/12/2001,Monday
03/26/2001,26/03/2001,26,3,2001,1,Monday,Otago Anniversary,N,03/26/2001,Monday
04/13/2001,13/04/2001,13,4,2001,5,Friday,Good Friday,Y,04/13/2001,Friday
04/16/2001,16/04/2001,16,4,2001,1,Monday,Easter Monday,Y,04/16/2001,Monday
04/17/2001,17/04/2001,17,4,2001,2,Tuesday,Southland Anniversary,N,04/17/2001,Tuesday
04/25/2001,25/04/2001,25,4,2001,3,Wednesday,ANZAC Day,Y,04/25/2001,Wednesday
6/04/2001,4/06/2001,4,6,2001,1,Monday,Queen's Birthday,Y,6/04/2001,Monday
09/24/2001,24/09/2001,24,9,2001,1,Monday,South Canterbury Anniversary,N,09/24/2001,Monday
10/19/2001,19/10/2001,19,10,2001,5,Friday,Hawke's Bay Anniversary,N,10/19/2001,Friday
10/22/2001,22/10/2001,22,10,2001,1,Monday,Labour Day,Y,10/22/2001,Monday
10/29/2001,29/10/2001,29,10,2001,1,Monday,Marlborough Anniversary,N,10/29/2001,Monday
11/16/2001,16/11/2001,16,11,2001,5,Friday,Canterbury Anniversary,N,11/16/2001,Friday
12/03/2001,3/12/2001,3,12,2001,1,Monday,Westland Anniversary,N,12/03/2001,Monday
12/03/2001,3/12/2001,3,12,2001,1,Monday,Chatham Islands Anniversary,N,12/03/2001,Monday
12/25/2001,25/12/2001,25,12,2001,2,Tuesday,Christmas Day,Y,12/25/2001,Tuesday
12/26/2001,26/12/2001,26,12,2001,3,Wednesday,Boxing Day,Y,12/26/2001,Wednesday
1/01/2002,1/01/2002,1,1,2002,2,Tuesday,New Year's Day,Y,1/01/2002,Tuesday
1/02/2002,2/01/2002,2,1,2002,3,Wednesday,Day after New Year's Day,Y,1/02/2002,Wednesday
01/21/2002,21/01/2002,21,1,2002,1,Monday,Wellington Anniversary,N,01/21/2002,Monday
01/28/2002,28/01/2002,28,1,2002,1,Monday,Auckland Anniversary,N,01/28/2002,Monday
2/04/2002,4/02/2002,4,2,2002,1,Monday,Nelson Anniversary,N,2/04/2002,Monday
2/06/2002,6/02/2002,6,2,2002,3,Wednesday,Waitangi Day,Y,2/06/2002,Wednesday
3/11/2002,11/03/2002,11,3,2002,1,Monday,Taranaki Anniversary,N,3/11/2002,Monday
03/25/2002,25/03/2002,25,3,2002,1,Monday,Otago Anniversary,N,03/25/2002,Monday
03/29/2002,29/03/2002,29,3,2002,5,Friday,Good Friday,Y,03/29/2002,Friday
4/01/2002,1/04/2002,1,4,2002,1,Monday,Easter Monday,Y,4/01/2002,Monday
4/02/2002,2/04/2002,2,4,2002,2,Tuesday,Southland Anniversary,N,4/02/2002,Tuesday
04/25/2002,25/04/2002,25,4,2002,4,Thursday,ANZAC Day,Y,04/25/2002,Thursday
6/03/2002,3/06/2002,3,6,2002,1,Monday,Queen's Birthday,Y,6/03/2002,Monday
09/23/2002,23/09/2002,23,9,2002,1,Monday,South Canterbury Anniversary,N,09/23/2002,Monday
10/25/2002,25/10/2002,25,10,2002,5,Friday,Hawke's Bay Anniversary,N,10/25/2002,Friday
10/28/2002,28/10/2002,28,10,2002,1,Monday,Labour Day,Y,10/28/2002,Monday
11/04/2002,4/11/2002,4,11,2002,1,Monday,Marlborough Anniversary,N,11/04/2002,Monday
11/15/2002,15/11/2002,15,11,2002,5,Friday,Canterbury Anniversary,N,11/15/2002,Friday
12/02/2002,2/12/2002,2,12,2002,1,Monday,Westland Anniversary,N,12/02/2002,Monday
12/02/2002,2/12/2002,2,12,2002,1,Monday,Chatham Islands Anniversary,N,12/02/2002,Monday
12/25/2002,25/12/2002,25,12,2002,3,Wednesday,Christmas Day,Y,12/25/2002,Wednesday
12/26/2002,26/12/2002,26,12,2002,4,Thursday,Boxing Day,Y,12/26/2002,Thursday
1/01/2003,1/01/2003,1,1,2003,3,Wednesday,New Year's Day,Y,1/01/2003,Wednesday
1/02/2003,2/01/2003,2,1,2003,4,Thursday,Day after New Year's Day,Y,1/02/2003,Thursday
01/20/2003,20/01/2003,20,1,2003,1,Monday,Wellington Anniversary,N,01/20/2003,Monday
01/27/2003,27/01/2003,27,1,2003,1,Monday,Auckland Anniversary,N,01/27/2003,Monday
2/03/2003,3/02/2003,3,2,2003,1,Monday,Nelson Anniversary,N,2/03/2003,Monday
2/06/2003,6/02/2003,6,2,2003,4,Thursday,Waitangi Day,Y,2/06/2003,Thursday
3/10/2003,10/03/2003,10,3,2003,1,Monday,Taranaki Anniversary,N,3/10/2003,Monday
03/24/2003,24/03/2003,24,3,2003,1,Monday,Otago Anniversary,N,03/24/2003,Monday
04/18/2003,18/04/2003,18,4,2003,5,Friday,Good Friday,Y,04/18/2003,Friday
04/21/2003,21/04/2003,21,4,2003,1,Monday,Easter Monday,Y,04/21/2003,Monday
04/22/2003,22/04/2003,22,4,2003,2,Tuesday,Southland Anniversary,N,04/22/2003,Tuesday
04/25/2003,25/04/2003,25,4,2003,5,Friday,ANZAC Day,Y,04/25/2003,Friday
6/02/2003,2/06/2003,2,6,2003,1,Monday,Queen's Birthday,Y,6/02/2003,Monday
09/22/2003,22/09/2003,22,9,2003,1,Monday,South Canterbury Anniversary,N,09/22/2003,Monday
10/24/2003,24/10/2003,24,10,2003,5,Friday,Hawke's Bay Anniversary,N,10/24/2003,Friday
10/27/2003,27/10/2003,27,10,2003,1,Monday,Labour Day,Y,10/27/2003,Monday
11/03/2003,3/11/2003,3,11,2003,1,Monday,Marlborough Anniversary,N,11/03/2003,Monday
11/14/2003,14/11/2003,14,11,2003,5,Friday,Canterbury Anniversary,N,11/14/2003,Friday
12/01/2003,1/12/2003,1,12,2003,1,Monday,Westland Anniversary,N,12/01/2003,Monday
12/01/2003,1/12/2003,1,12,2003,1,Monday,Chatham Islands Anniversary,N,12/01/2003,Monday
12/25/2003,25/12/2003,25,12,2003,4,Thursday,Christmas Day,Y,12/25/2003,Thursday
12/26/2003,26/12/2003,26,12,2003,5,Friday,Boxing Day,Y,12/26/2003,Friday
1/01/2004,1/01/2004,1,1,2004,4,Thursday,New Year's Day,Y,1/01/2004,Thursday
1/02/2004,2/01/2004,2,1,2004,5,Friday,Day after New Year's Day,Y,1/02/2004,Friday
01/19/2004,19/01/2004,19,1,2004,1,Monday,Wellington Anniversary,N,01/19/2004,Monday
01/26/2004,26/01/2004,26,1,2004,1,Monday,Auckland Anniversary,N,01/26/2004,Monday
2/02/2004,2/02/2004,2,2,2004,1,Monday,Nelson Anniversary,N,2/02/2004,Monday
2/06/2004,6/02/2004,6,2,2004,5,Friday,Waitangi Day,Y,2/06/2004,Friday
3/08/2004,8/03/2004,8,3,2004,1,Monday,Taranaki Anniversary,N,3/08/2004,Monday
03/22/2004,22/03/2004,22,3,2004,1,Monday,Otago Anniversary,N,03/22/2004,Monday
4/09/2004,9/04/2004,9,4,2004,5,Friday,Good Friday,Y,4/09/2004,Friday
4/12/2004,12/04/2004,12,4,2004,1,Monday,Easter Monday,Y,4/12/2004,Monday
04/13/2004,13/04/2004,13,4,2004,2,Tuesday,Southland Anniversary,N,04/13/2004,Tuesday
04/25/2004,25/04/2004,25,4,2004,7,Sunday,ANZAC Day,Y,04/25/2004,Sunday
6/07/2004,7/06/2004,7,6,2004,1,Monday,Queen's Birthday,Y,6/07/2004,Monday
09/27/2004,27/09/2004,27,9,2004,1,Monday,South Canterbury Anniversary,N,09/27/2004,Monday
10/22/2004,22/10/2004,22,10,2004,5,Friday,Hawke's Bay Anniversary,N,10/22/2004,Friday
10/25/2004,25/10/2004,25,10,2004,1,Monday,Labour Day,Y,10/25/2004,Monday
11/01/2004,1/11/2004,1,11,2004,1,Monday,Marlborough Anniversary,N,11/01/2004,Monday
11/12/2004,12/11/2004,12,11,2004,5,Friday,Canterbury Anniversary,N,11/12/2004,Friday
11/29/2004,29/11/2004,29,11,2004,1,Monday,Westland Anniversary,N,11/29/2004,Monday
11/29/2004,29/11/2004,29,11,2004,1,Monday,Chatham Islands Anniversary,N,11/29/2004,Monday
12/25/2004,25/12/2004,25,12,2004,6,Saturday,Christmas Day,Y,12/27/2004,Monday
12/26/2004,26/12/2004,26,12,2004,7,Sunday,Boxing Day,Y,12/27/2004,Monday
1/01/2005,1/01/2005,1,1,2005,6,Saturday,New Year's Day,Y,1/03/2005,Monday
1/02/2005,2/01/2005,2,1,2005,7,Sunday,Day after New Year's Day,Y,1/03/2005,Monday
01/24/2005,24/01/2005,24,1,2005,1,Monday,Wellington Anniversary,N,01/24/2005,Monday
01/31/2005,31/01/2005,31,1,2005,1,Monday,Auckland Anniversary,N,01/31/2005,Monday
01/31/2005,31/01/2005,31,1,2005,1,Monday,Nelson Anniversary,N,01/31/2005,Monday
2/06/2005,6/02/2005,6,2,2005,7,Sunday,Waitangi Day,Y,2/06/2005,Sunday
03/14/2005,14/03/2005,14,3,2005,1,Monday,Taranaki Anniversary,N,03/14/2005,Monday
03/21/2005,21/03/2005,21,3,2005,1,Monday,Otago Anniversary,N,03/21/2005,Monday
03/25/2005,25/03/2005,25,3,2005,5,Friday,Good Friday,Y,03/25/2005,Friday
03/28/2005,28/03/2005,28,3,2005,1,Monday,Easter Monday,Y,03/28/2005,Monday
03/29/2005,29/03/2005,29,3,2005,2,Tuesday,Southland Anniversary,N,03/29/2005,Tuesday
04/25/2005,25/04/2005,25,4,2005,1,Monday,ANZAC Day,Y,04/25/2005,Monday
6/06/2005,6/06/2005,6,6,2005,1,Monday,Queen's Birthday,Y,6/06/2005,Monday
09/26/2005,26/09/2005,26,9,2005,1,Monday,South Canterbury Anniversary,N,09/26/2005,Monday
10/21/2005,21/10/2005,21,10,2005,5,Friday,Hawke's Bay Anniversary,N,10/21/2005,Friday
10/24/2005,24/10/2005,24,10,2005,1,Monday,Labour Day,Y,10/24/2005,Monday
10/31/2005,31/10/2005,31,10,2005,1,Monday,Marlborough Anniversary,N,10/31/2005,Monday
11/11/2005,11/11/2005,11,11,2005,5,Friday,Canterbury Anniversary,N,11/11/2005,Friday
11/28/2005,28/11/2005,28,11,2005,1,Monday,Westland Anniversary,N,11/28/2005,Monday
11/28/2005,28/11/2005,28,11,2005,1,Monday,Chatham Islands Anniversary,N,11/28/2005,Monday
12/25/2005,25/12/2005,25,12,2005,7,Sunday,Christmas Day,Y,12/27/2005,Tuesday
12/26/2005,26/12/2005,26,12,2005,1,Monday,Boxing Day,Y,12/26/2005,Monday
1/01/2006,1/01/2006,1,1,2006,7,Sunday,New Year's Day,Y,1/03/2006,Tuesday
1/02/2006,2/01/2006,2,1,2006,1,Monday,Day after New Year's Day,Y,1/02/2006,Monday
01/23/2006,23/01/2006,23,1,2006,1,Monday,Wellington Anniversary,N,01/23/2006,Monday
01/30/2006,30/01/2006,30,1,2006,1,Monday,Auckland Anniversary,N,01/30/2006,Monday
01/30/2006,30/01/2006,30,1,2006,1,Monday,Nelson Anniversary,N,01/30/2006,Monday
2/06/2006,6/02/2006,6,2,2006,1,Monday,Waitangi Day,Y,2/06/2006,Monday
03/13/2006,13/03/2006,13,3,2006,1,Monday,Taranaki Anniversary,N,03/13/2006,Monday
03/20/2006,20/03/2006,20,3,2006,1,Monday,Otago Anniversary,N,03/20/2006,Monday
04/14/2006,14/04/2006,14,4,2006,5,Friday,Good Friday,Y,04/14/2006,Friday
04/17/2006,17/04/2006,17,4,2006,1,Monday,Easter Monday,Y,04/17/2006,Monday
04/18/2006,18/04/2006,18,4,2006,2,Tuesday,Southland Anniversary,N,04/18/2006,Tuesday
04/25/2006,25/04/2006,25,4,2006,2,Tuesday,ANZAC Day,Y,04/25/2006,Tuesday
6/05/2006,5/06/2006,5,6,2006,1,Monday,Queen's Birthday,Y,6/05/2006,Monday
09/25/2006,25/09/2006,25,9,2006,1,Monday,South Canterbury Anniversary,N,09/25/2006,Monday
10/20/2006,20/10/2006,20,10,2006,5,Friday,Hawke's Bay Anniversary,N,10/20/2006,Friday
10/23/2006,23/10/2006,23,10,2006,1,Monday,Labour Day,Y,10/23/2006,Monday
10/30/2006,30/10/2006,30,10,2006,1,Monday,Marlborough Anniversary,N,10/30/2006,Monday
11/17/2006,17/11/2006,17,11,2006,5,Friday,Canterbury Anniversary,N,11/17/2006,Friday
11/27/2006,27/11/2006,27,11,2006,1,Monday,Chatham Islands Anniversary,N,11/27/2006,Monday
12/04/2006,4/12/2006,4,12,2006,1,Monday,Westland Anniversary,N,12/04/2006,Monday
12/25/2006,25/12/2006,25,12,2006,1,Monday,Christmas Day,Y,12/25/2006,Monday
12/26/2006,26/12/2006,26,12,2006,2,Tuesday,Boxing Day,Y,12/26/2006,Tuesday
1/01/2007,1/01/2007,1,1,2007,1,Monday,New Year's Day,Y,1/01/2007,Monday
1/02/2007,2/01/2007,2,1,2007,2,Tuesday,Day after New Year's Day,Y,1/02/2007,Tuesday
01/22/2007,22/01/2007,22,1,2007,1,Monday,Wellington Anniversary,N,01/22/2007,Monday
01/29/2007,29/01/2007,29,1,2007,1,Monday,Auckland Anniversary,N,01/29/2007,Monday
01/29/2007,29/01/2007,29,1,2007,1,Monday,Nelson Anniversary,N,01/29/2007,Monday
2/06/2007,6/02/2007,6,2,2007,2,Tuesday,Waitangi Day,Y,2/06/2007,Tuesday
3/12/2007,12/03/2007,12,3,2007,1,Monday,Taranaki Anniversary,N,3/12/2007,Monday
03/26/2007,26/03/2007,26,3,2007,1,Monday,Otago Anniversary,N,03/26/2007,Monday
4/06/2007,6/04/2007,6,4,2007,5,Friday,Good Friday,Y,4/06/2007,Friday
4/09/2007,9/04/2007,9,4,2007,1,Monday,Easter Monday,Y,4/09/2007,Monday
4/10/2007,10/04/2007,10,4,2007,2,Tuesday,Southland Anniversary,N,4/10/2007,Tuesday
04/25/2007,25/04/2007,25,4,2007,3,Wednesday,ANZAC Day,Y,04/25/2007,Wednesday
6/04/2007,4/06/2007,4,6,2007,1,Monday,Queen's Birthday,Y,6/04/2007,Monday
09/24/2007,24/09/2007,24,9,2007,1,Monday,South Canterbury Anniversary,N,09/24/2007,Monday
10/19/2007,19/10/2007,19,10,2007,5,Friday,Hawke's Bay Anniversary,N,10/19/2007,Friday
10/22/2007,22/10/2007,22,10,2007,1,Monday,Labour Day,Y,10/22/2007,Monday
10/29/2007,29/10/2007,29,10,2007,1,Monday,Marlborough Anniversary,N,10/29/2007,Monday
11/16/2007,16/11/2007,16,11,2007,5,Friday,Canterbury Anniversary,N,11/16/2007,Friday
12/03/2007,3/12/2007,3,12,2007,1,Monday,Westland Anniversary,N,12/03/2007,Monday
12/03/2007,3/12/2007,3,12,2007,1,Monday,Chatham Islands Anniversary,N,12/03/2007,Monday
12/25/2007,25/12/2007,25,12,2007,2,Tuesday,Christmas Day,Y,12/25/2007,Tuesday
12/26/2007,26/12/2007,26,12,2007,3,Wednesday,Boxing Day,Y,12/26/2007,Wednesday
1/01/2008,1/01/2008,1,1,2008,2,Tuesday,New Year's Day,Y,1/01/2008,Tuesday
1/02/2008,2/01/2008,2,1,2008,3,Wednesday,Day after New Year's Day,Y,1/02/2008,Wednesday
01/21/2008,21/01/2008,21,1,2008,1,Monday,Wellington Anniversary,N,01/21/2008,Monday
01/28/2008,28/01/2008,28,1,2008,1,Monday,Auckland Anniversary,N,01/28/2008,Monday
2/04/2008,4/02/2008,4,2,2008,1,Monday,Nelson Anniversary,N,2/04/2008,Monday
2/06/2008,6/02/2008,6,2,2008,3,Wednesday,Waitangi Day,Y,2/06/2008,Wednesday
3/10/2008,10/03/2008,10,3,2008,1,Monday,Taranaki Anniversary,N,3/10/2008,Monday
03/21/2008,21/03/2008,21,3,2008,5,Friday,Good Friday,Y,03/21/2008,Friday
03/24/2008,24/03/2008,24,3,2008,1,Monday,Easter Monday,Y,03/24/2008,Monday
03/24/2008,24/03/2008,24,3,2008,1,Monday,Otago Anniversary,N,03/24/2008,Monday
03/25/2008,25/03/2008,25,3,2008,2,Tuesday,Southland Anniversary,N,03/25/2008,Tuesday
04/25/2008,25/04/2008,25,4,2008,5,Friday,ANZAC Day,Y,04/25/2008,Friday
6/02/2008,2/06/2008,2,6,2008,1,Monday,Queen's Birthday,Y,6/02/2008,Monday
09/22/2008,22/09/2008,22,9,2008,1,Monday,South Canterbury Anniversary,N,09/22/2008,Monday
10/24/2008,24/10/2008,24,10,2008,5,Friday,Hawke's Bay Anniversary,N,10/24/2008,Friday
10/27/2008,27/10/2008,27,10,2008,1,Monday,Labour Day,Y,10/27/2008,Monday
11/03/2008,3/11/2008,3,11,2008,1,Monday,Marlborough Anniversary,N,11/03/2008,Monday
11/14/2008,14/11/2008,14,11,2008,5,Friday,Canterbury Anniversary,N,11/14/2008,Friday
12/01/2008,1/12/2008,1,12,2008,1,Monday,Westland Anniversary,N,12/01/2008,Monday
12/01/2008,1/12/2008,1,12,2008,1,Monday,Chatham Islands Anniversary,N,12/01/2008,Monday
12/25/2008,25/12/2008,25,12,2008,4,Thursday,Christmas Day,Y,12/25/2008,Thursday
12/26/2008,26/12/2008,26,12,2008,5,Friday,Boxing Day,Y,12/26/2008,Friday
1/01/2009,1/01/2009,1,1,2009,4,Thursday,New Year's Day,Y,1/01/2009,Thursday
1/02/2009,2/01/2009,2,1,2009,5,Friday,Day after New Year's Day,Y,1/02/2009,Friday
01/19/2009,19/01/2009,19,1,2009,1,Monday,Wellington Anniversary,N,01/19/2009,Monday
01/26/2009,26/01/2009,26,1,2009,1,Monday,Auckland Anniversary,N,01/26/2009,Monday
2/02/2009,2/02/2009,2,2,2009,1,Monday,Nelson Anniversary,N,2/02/2009,Monday
2/06/2009,6/02/2009,6,2,2009,5,Friday,Waitangi Day,Y,2/06/2009,Friday
3/09/2009,9/03/2009,9,3,2009,1,Monday,Taranaki Anniversary,N,3/09/2009,Monday
03/23/2009,23/03/2009,23,3,2009,1,Monday,Otago Anniversary,N,03/23/2009,Monday
4/10/2009,10/04/2009,10,4,2009,5,Friday,Good Friday,Y,4/10/2009,Friday
04/13/2009,13/04/2009,13,4,2009,1,Monday,Easter Monday,Y,04/13/2009,Monday
04/14/2009,14/04/2009,14,4,2009,2,Tuesday,Southland Anniversary,N,04/14/2009,Tuesday
04/25/2009,25/04/2009,25,4,2009,6,Saturday,ANZAC Day,Y,04/25/2009,Saturday
6/01/2009,1/06/2009,1,6,2009,1,Monday,Queen's Birthday,Y,6/01/2009,Monday
09/28/2009,28/09/2009,28,9,2009,1,Monday,South Canterbury Anniversary,N,09/28/2009,Monday
10/23/2009,23/10/2009,23,10,2009,5,Friday,Hawke's Bay Anniversary,N,10/23/2009,Friday
10/26/2009,26/10/2009,26,10,2009,1,Monday,Labour Day,Y,10/26/2009,Monday
11/02/2009,2/11/2009,2,11,2009,1,Monday,Marlborough Anniversary,N,11/02/2009,Monday
11/13/2009,13/11/2009,13,11,2009,5,Friday,Canterbury Anniversary,N,11/13/2009,Friday
11/30/2009,30/11/2009,30,11,2009,1,Monday,Westland Anniversary,N,11/30/2009,Monday
11/30/2009,30/11/2009,30,11,2009,1,Monday,Chatham Islands Anniversary,N,11/30/2009,Monday
12/25/2009,25/12/2009,25,12,2009,5,Friday,Christmas Day,Y,12/25/2009,Friday
12/26/2009,26/12/2009,26,12,2009,6,Saturday,Boxing Day,Y,12/28/2009,Monday
1/01/2010,1/01/2010,1,1,2010,5,Friday,New Year's Day,Y,1/01/2010,Friday
1/02/2010,2/01/2010,2,1,2010,6,Saturday,Day after New Year's Day,Y,1/04/2010,Monday
01/25/2010,25/01/2010,25,1,2010,1,Monday,Wellington Anniversary,N,01/25/2010,Monday
2/01/2010,1/02/2010,1,2,2010,1,Monday,Auckland Anniversary,N,2/01/2010,Monday
2/01/2010,1/02/2010,1,2,2010,1,Monday,Nelson Anniversary,N,2/01/2010,Monday
2/06/2010,6/02/2010,6,2,2010,6,Saturday,Waitangi Day,Y,2/06/2010,Saturday
3/08/2010,8/03/2010,8,3,2010,1,Monday,Taranaki Anniversary,N,3/08/2010,Monday
03/22/2010,22/03/2010,22,3,2010,1,Monday,Otago Anniversary,N,03/22/2010,Monday
4/02/2010,2/04/2010,2,4,2010,5,Friday,Good Friday,Y,4/02/2010,Friday
4/05/2010,5/04/2010,5,4,2010,1,Monday,Easter Monday,Y,4/05/2010,Monday
4/06/2010,6/04/2010,6,4,2010,2,Tuesday,Southland Anniversary,N,4/06/2010,Tuesday
04/25/2010,25/04/2010,25,4,2010,7,Sunday,ANZAC Day,Y,04/25/2010,Sunday
6/07/2010,7/06/2010,7,6,2010,1,Monday,Queen's Birthday,Y,6/07/2010,Monday
09/27/2010,27/09/2010,27,9,2010,1,Monday,South Canterbury Anniversary,N,09/27/2010,Monday
10/22/2010,22/10/2010,22,10,2010,5,Friday,Hawke's Bay Anniversary,N,10/22/2010,Friday
10/25/2010,25/10/2010,25,10,2010,1,Monday,Labour Day,Y,10/25/2010,Monday
11/01/2010,1/11/2010,1,11,2010,1,Monday,Marlborough Anniversary,N,11/01/2010,Monday
11/12/2010,12/11/2010,12,11,2010,5,Friday,Canterbury Anniversary,N,11/12/2010,Friday
11/29/2010,29/11/2010,29,11,2010,1,Monday,Westland Anniversary,N,11/29/2010,Monday
11/29/2010,29/11/2010,29,11,2010,1,Monday,Chatham Islands Anniversary,N,11/29/2010,Monday
12/25/2010,25/12/2010,25,12,2010,6,Saturday,Christmas Day,Y,12/27/2010,Monday
12/26/2010,26/12/2010,26,12,2010,7,Sunday,Boxing Day,Y,12/27/2010,Monday
1/01/2011,1/01/2011,1,1,2011,6,Saturday,New Year's Day,Y,1/03/2011,Monday
1/02/2011,2/01/2011,2,1,2011,7,Sunday,Day after New Year's Day,Y,1/03/2011,Monday
01/24/2011,24/01/2011,24,1,2011,1,Monday,Wellington Anniversary,N,01/24/2011,Monday
01/31/2011,31/01/2011,31,1,2011,1,Monday,Auckland Anniversary,N,01/31/2011,Monday
01/31/2011,31/01/2011,31,1,2011,1,Monday,Nelson Anniversary,N,01/31/2011,Monday
2/06/2011,6/02/2011,6,2,2011,7,Sunday,Waitangi Day,Y,2/06/2011,Sunday
03/14/2011,14/03/2011,14,3,2011,1,Monday,Taranaki Anniversary,N,03/14/2011,Monday
03/21/2011,21/03/2011,21,3,2011,1,Monday,Otago Anniversary,N,03/21/2011,Monday
04/22/2011,22/04/2011,22,4,2011,5,Friday,Good Friday,Y,04/22/2011,Friday
04/25/2011,25/04/2011,25,4,2011,1,Monday,Easter Monday,Y,04/25/2011,Monday
04/25/2011,25/04/2011,25,4,2011,1,Monday,ANZAC Day,Y,04/25/2011,Monday
04/26/2011,26/04/2011,26,4,2011,2,Tuesday,Southland Anniversary,N,04/26/2011,Tuesday
6/06/2011,6/06/2011,6,6,2011,1,Monday,Queen's Birthday,Y,6/06/2011,Monday
09/26/2011,26/09/2011,26,9,2011,1,Monday,South Canterbury Anniversary,N,09/26/2011,Monday
10/21/2011,21/10/2011,21,10,2011,5,Friday,Hawke's Bay Anniversary,N,10/21/2011,Friday
10/24/2011,24/10/2011,24,10,2011,1,Monday,Labour Day,Y,10/24/2011,Monday
10/31/2011,31/10/2011,31,10,2011,1,Monday,Marlborough Anniversary,N,10/31/2011,Monday
11/11/2011,11/11/2011,11,11,2011,5,Friday,Canterbury Anniversary,N,11/11/2011,Friday
11/28/2011,28/11/2011,28,11,2011,1,Monday,Westland Anniversary,N,11/28/2011,Monday
11/28/2011,28/11/2011,28,11,2011,1,Monday,Chatham Islands Anniversary,N,11/28/2011,Monday
12/25/2011,25/12/2011,25,12,2011,7,Sunday,Christmas Day,Y,12/27/2011,Tuesday
12/26/2011,26/12/2011,26,12,2011,1,Monday,Boxing Day,Y,12/26/2011,Monday
1/01/2012,1/01/2012,1,1,2012,7,Sunday,New Year's Day,Y,1/03/2012,Tuesday
1/02/2012,2/01/2012,2,1,2012,1,Monday,Day after New Year's Day,Y,1/02/2012,Monday
01/23/2012,23/01/2012,23,1,2012,1,Monday,Wellington Anniversary,N,01/23/2012,Monday
01/30/2012,30/01/2012,30,1,2012,1,Monday,Auckland Anniversary,N,01/30/2012,Monday
01/30/2012,30/01/2012,30,1,2012,1,Monday,Nelson Anniversary,N,01/30/2012,Monday
2/06/2012,6/02/2012,6,2,2012,1,Monday,Waitangi Day,Y,2/06/2012,Monday
3/12/2012,12/03/2012,12,3,2012,1,Monday,Taranaki Anniversary,N,3/12/2012,Monday
03/26/2012,26/03/2012,26,3,2012,1,Monday,Otago Anniversary,N,03/26/2012,Monday
4/06/2012,6/04/2012,6,4,2012,5,Friday,Good Friday,Y,4/06/2012,Friday
4/09/2012,9/04/2012,9,4,2012,1,Monday,Easter Monday,Y,4/09/2012,Monday
4/10/2012,10/04/2012,10,4,2012,2,Tuesday,Southland Anniversary,N,4/10/2012,Tuesday
04/25/2012,25/04/2012,25,4,2012,3,Wednesday,ANZAC Day,Y,04/25/2012,Wednesday
6/04/2012,4/06/2012,4,6,2012,1,Monday,Queen's Birthday,Y,6/04/2012,Monday
09/24/2012,24/09/2012,24,9,2012,1,Monday,South Canterbury Anniversary,N,09/24/2012,Monday
10/19/2012,19/10/2012,19,10,2012,5,Friday,Hawke's Bay Anniversary,N,10/19/2012,Friday
10/22/2012,22/10/2012,22,10,2012,1,Monday,Labour Day,Y,10/22/2012,Monday
10/29/2012,29/10/2012,29,10,2012,1,Monday,Marlborough Anniversary,N,10/29/2012,Monday
11/16/2012,16/11/2012,16,11,2012,5,Friday,Canterbury Anniversary,N,11/16/2012,Friday
12/03/2012,3/12/2012,3,12,2012,1,Monday,Westland Anniversary,N,12/03/2012,Monday
12/03/2012,3/12/2012,3,12,2012,1,Monday,Chatham Islands Anniversary,N,12/03/2012,Monday
12/25/2012,25/12/2012,25,12,2012,2,Tuesday,Christmas Day,Y,12/25/2012,Tuesday
12/26/2012,26/12/2012,26,12,2012,3,Wednesday,Boxing Day,Y,12/26/2012,Wednesday
1/01/2013,1/01/2013,1,1,2013,2,Tuesday,New Year's Day,Y,1/01/2013,Tuesday
1/02/2013,2/01/2013,2,1,2013,3,Wednesday,Day after New Year's Day,Y,1/02/2013,Wednesday
01/21/2013,21/01/2013,21,1,2013,1,Monday,Wellington Anniversary,N,01/21/2013,Monday
01/28/2013,28/01/2013,28,1,2013,1,Monday,Auckland Anniversary,N,01/28/2013,Monday
2/04/2013,4/02/2013,4,2,2013,1,Monday,Nelson Anniversary,N,2/04/2013,Monday
2/06/2013,6/02/2013,6,2,2013,3,Wednesday,Waitangi Day,Y,2/06/2013,Wednesday
3/11/2013,11/03/2013,11,3,2013,1,Monday,Taranaki Anniversary,N,3/11/2013,Monday
03/25/2013,25/03/2013,25,3,2013,1,Monday,Otago Anniversary,N,03/25/2013,Monday
03/29/2013,29/03/2013,29,3,2013,5,Friday,Good Friday,Y,03/29/2013,Friday
4/01/2013,1/04/2013,1,4,2013,1,Monday,Easter Monday,Y,4/01/2013,Monday
4/02/2013,2/04/2013,2,4,2013,2,Tuesday,Southland Anniversary,N,4/02/2013,Tuesday
04/25/2013,25/04/2013,25,4,2013,4,Thursday,ANZAC Day,Y,04/25/2013,Thursday
6/03/2013,3/06/2013,3,6,2013,1,Monday,Queen's Birthday,Y,6/03/2013,Monday
09/23/2013,23/09/2013,23,9,2013,1,Monday,South Canterbury Anniversary,N,09/23/2013,Monday
10/25/2013,25/10/2013,25,10,2013,5,Friday,Hawke's Bay Anniversary,N,10/25/2013,Friday
10/28/2013,28/10/2013,28,10,2013,1,Monday,Labour Day,Y,10/28/2013,Monday
11/04/2013,4/11/2013,4,11,2013,1,Monday,Marlborough Anniversary,N,11/04/2013,Monday
11/15/2013,15/11/2013,15,11,2013,5,Friday,Canterbury Anniversary,N,11/15/2013,Friday
12/02/2013,2/12/2013,2,12,2013,1,Monday,Westland Anniversary,N,12/02/2013,Monday
12/02/2013,2/12/2013,2,12,2013,1,Monday,Chatham Islands Anniversary,N,12/02/2013,Monday
12/25/2013,25/12/2013,25,12,2013,3,Wednesday,Christmas Day,Y,12/25/2013,Wednesday
12/26/2013,26/12/2013,26,12,2013,4,Thursday,Boxing Day,Y,12/26/2013,Thursday
1/01/2014,1/01/2014,1,1,2014,3,Wednesday,New Year's Day,Y,1/01/2014,Wednesday
1/02/2014,2/01/2014,2,1,2014,4,Thursday,Day after New Year's Day,Y,1/02/2014,Thursday
01/20/2014,20/01/2014,20,1,2014,1,Monday,Wellington Anniversary,N,01/20/2014,Monday
01/27/2014,27/01/2014,27,1,2014,1,Monday,Auckland Anniversary,N,01/27/2014,Monday
2/03/2014,3/02/2014,3,2,2014,1,Monday,Nelson Anniversary,N,2/03/2014,Monday
2/06/2014,6/02/2014,6,2,2014,4,Thursday,Waitangi Day,Y,2/06/2014,Thursday
3/10/2014,10/03/2014,10,3,2014,1,Monday,Taranaki Anniversary,N,3/10/2014,Monday
03/24/2014,24/03/2014,24,3,2014,1,Monday,Otago Anniversary,N,03/24/2014,Monday
04/18/2014,18/04/2014,18,4,2014,5,Friday,Good Friday,Y,04/18/2014,Friday
04/21/2014,21/04/2014,21,4,2014,1,Monday,Easter Monday,Y,04/21/2014,Monday
04/22/2014,22/04/2014,22,4,2014,2,Tuesday,Southland Anniversary,N,04/22/2014,Tuesday
04/25/2014,25/04/2014,25,4,2014,5,Friday,ANZAC Day,Y,04/25/2014,Friday
6/02/2014,2/06/2014,2,6,2014,1,Monday,Queen's Birthday,Y,6/02/2014,Monday
09/22/2014,22/09/2014,22,9,2014,1,Monday,South Canterbury Anniversary,N,09/22/2014,Monday
10/24/2014,24/10/2014,24,10,2014,5,Friday,Hawke's Bay Anniversary,N,10/24/2014,Friday
10/27/2014,27/10/2014,27,10,2014,1,Monday,Labour Day,Y,10/27/2014,Monday
11/03/2014,3/11/2014,3,11,2014,1,Monday,Marlborough Anniversary,N,11/03/2014,Monday
11/14/2014,14/11/2014,14,11,2014,5,Friday,Canterbury Anniversary,N,11/14/2014,Friday
12/01/2014,1/12/2014,1,12,2014,1,Monday,Westland Anniversary,N,12/01/2014,Monday
12/01/2014,1/12/2014,1,12,2014,1,Monday,Chatham Islands Anniversary,N,12/01/2014,Monday
12/25/2014,25/12/2014,25,12,2014,4,Thursday,Christmas Day,Y,12/25/2014,Thursday
12/26/2014,26/12/2014,26,12,2014,5,Friday,Boxing Day,Y,12/26/2014,Friday
1/01/2015,1/01/2015,1,1,2015,4,Thursday,New Year's Day,Y,1/01/2015,Thursday
1/02/2015,2/01/2015,2,1,2015,5,Friday,Day after New Year's Day,Y,1/02/2015,Friday
01/19/2015,19/01/2015,19,1,2015,1,Monday,Wellington Anniversary,N,01/19/2015,Monday
01/26/2015,26/01/2015,26,1,2015,1,Monday,Auckland Anniversary,N,01/26/2015,Monday
2/02/2015,2/02/2015,2,2,2015,1,Monday,Nelson Anniversary,N,2/02/2015,Monday
2/06/2015,6/02/2015,6,2,2015,5,Friday,Waitangi Day,Y,2/06/2015,Friday
3/09/2015,9/03/2015,9,3,2015,1,Monday,Taranaki Anniversary,N,3/09/2015,Monday
03/23/2015,23/03/2015,23,3,2015,1,Monday,Otago Anniversary,N,03/23/2015,Monday
4/03/2015,3/04/2015,3,4,2015,5,Friday,Good Friday,Y,4/03/2015,Friday
4/06/2015,6/04/2015,6,4,2015,1,Monday,Easter Monday,Y,4/06/2015,Monday
4/07/2015,7/04/2015,7,4,2015,2,Tuesday,Southland Anniversary,N,4/07/2015,Tuesday
04/25/2015,25/04/2015,25,4,2015,6,Saturday,ANZAC Day,Y,04/27/2015,Monday
6/01/2015,1/06/2015,1,6,2015,1,Monday,Queen's Birthday,Y,6/01/2015,Monday
09/28/2015,28/09/2015,28,9,2015,1,Monday,South Canterbury Anniversary,N,09/28/2015,Monday
10/23/2015,23/10/2015,23,10,2015,5,Friday,Hawke's Bay Anniversary,N,10/23/2015,Friday
10/26/2015,26/10/2015,26,10,2015,1,Monday,Labour Day,Y,10/26/2015,Monday
11/02/2015,2/11/2015,2,11,2015,1,Monday,Marlborough Anniversary,N,11/02/2015,Monday
11/13/2015,13/11/2015,13,11,2015,5,Friday,Canterbury Anniversary,N,11/13/2015,Friday
11/30/2015,30/11/2015,30,11,2015,1,Monday,Westland Anniversary,N,11/30/2015,Monday
11/30/2015,30/11/2015,30,11,2015,1,Monday,Chatham Islands Anniversary,N,11/30/2015,Monday
12/25/2015,25/12/2015,25,12,2015,5,Friday,Christmas Day,Y,12/25/2015,Friday
12/26/2015,26/12/2015,26,12,2015,6,Saturday,Boxing Day,Y,12/28/2015,Monday
1/01/2016,1/01/2016,1,1,2016,5,Friday,New Year's Day,Y,1/01/2016,Friday
1/02/2016,2/01/2016,2,1,2016,6,Saturday,Day after New Year's Day,Y,1/04/2016,Monday
01/25/2016,25/01/2016,25,1,2016,1,Monday,Wellington Anniversary,N,01/25/2016,Monday
2/01/2016,1/02/2016,1,2,2016,1,Monday,Auckland Anniversary,N,2/01/2016,Monday
2/01/2016,1/02/2016,1,2,2016,1,Monday,Nelson Anniversary,N,2/01/2016,Monday
2/06/2016,6/02/2016,6,2,2016,6,Saturday,Waitangi Day,Y,2/08/2016,Monday
03/14/2016,14/03/2016,14,3,2016,1,Monday,Taranaki Anniversary,N,03/14/2016,Monday
03/21/2016,21/03/2016,21,3,2016,1,Monday,Otago Anniversary,N,03/21/2016,Monday
03/25/2016,25/03/2016,25,3,2016,5,Friday,Good Friday,Y,03/25/2016,Friday
03/28/2016,28/03/2016,28,3,2016,1,Monday,Easter Monday,Y,03/28/2016,Monday
03/29/2016,29/03/2016,29,3,2016,2,Tuesday,Southland Anniversary,N,03/29/2016,Tuesday
04/25/2016,25/04/2016,25,4,2016,1,Monday,ANZAC Day,Y,04/25/2016,Monday
6/06/2016,6/06/2016,6,6,2016,1,Monday,Queen's Birthday,Y,6/06/2016,Monday
09/26/2016,26/09/2016,26,9,2016,1,Monday,South Canterbury Anniversary,N,09/26/2016,Monday
10/21/2016,21/10/2016,21,10,2016,5,Friday,Hawke's Bay Anniversary,N,10/21/2016,Friday
10/24/2016,24/10/2016,24,10,2016,1,Monday,Labour Day,Y,10/24/2016,Monday
10/31/2016,31/10/2016,31,10,2016,1,Monday,Marlborough Anniversary,N,10/31/2016,Monday
11/11/2016,11/11/2016,11,11,2016,5,Friday,Canterbury Anniversary,N,11/11/2016,Friday
11/28/2016,28/11/2016,28,11,2016,1,Monday,Westland Anniversary,N,11/28/2016,Monday
11/28/2016,28/11/2016,28,11,2016,1,Monday,Chatham Islands Anniversary,N,11/28/2016,Monday
12/25/2016,25/12/2016,25,12,2016,7,Sunday,Christmas Day,Y,12/27/2016,Tuesday
12/26/2016,26/12/2016,26,12,2016,1,Monday,Boxing Day,Y,12/26/2016,Monday
1/01/2017,1/01/2017,1,1,2017,7,Sunday,New Year's Day,Y,1/03/2017,Tuesday
1/02/2017,2/01/2017,2,1,2017,1,Monday,Day after New Year's Day,Y,1/02/2017,Monday
01/23/2017,23/01/2017,23,1,2017,1,Monday,Wellington Anniversary,N,01/23/2017,Monday
01/30/2017,30/01/2017,30,1,2017,1,Monday,Auckland Anniversary,N,01/30/2017,Monday
01/30/2017,30/01/2017,30,1,2017,1,Monday,Nelson Anniversary,N,01/30/2017,Monday
2/06/2017,6/02/2017,6,2,2017,1,Monday,Waitangi Day,Y,2/06/2017,Monday
03/13/2017,13/03/2017,13,3,2017,1,Monday,Taranaki Anniversary,N,03/13/2017,Monday
03/20/2017,20/03/2017,20,3,2017,1,Monday,Otago Anniversary,N,03/20/2017,Monday
04/14/2017,14/04/2017,14,4,2017,5,Friday,Good Friday,Y,04/14/2017,Friday
04/17/2017,17/04/2017,17,4,2017,1,Monday,Easter Monday,Y,04/17/2017,Monday
04/18/2017,18/04/2017,18,4,2017,2,Tuesday,Southland Anniversary,N,04/18/2017,Tuesday
04/25/2017,25/04/2017,25,4,2017,2,Tuesday,ANZAC Day,Y,04/25/2017,Tuesday
6/05/2017,5/06/2017,5,6,2017,1,Monday,Queen's Birthday,Y,6/05/2017,Monday
09/25/2017,25/09/2017,25,9,2017,1,Monday,South Canterbury Anniversary,N,09/25/2017,Monday
10/20/2017,20/10/2017,20,10,2017,5,Friday,Hawke's Bay Anniversary,N,10/20/2017,Friday
10/23/2017,23/10/2017,23,10,2017,1,Monday,Labour Day,Y,10/23/2017,Monday
10/30/2017,30/10/2017,30,10,2017,1,Monday,Marlborough Anniversary,N,10/30/2017,Monday
11/17/2017,17/11/2017,17,11,2017,5,Friday,Canterbury Anniversary,N,11/17/2017,Friday
11/27/2017,27/11/2017,27,11,2017,1,Monday,Chatham Islands Anniversary,N,11/27/2017,Monday
12/04/2017,4/12/2017,4,12,2017,1,Monday,Westland Anniversary,N,12/04/2017,Monday
12/25/2017,25/12/2017,25,12,2017,1,Monday,Christmas Day,Y,12/25/2017,Monday
12/26/2017,26/12/2017,26,12,2017,2,Tuesday,Boxing Day,Y,12/26/2017,Tuesday
1/01/2018,1/01/2018,1,1,2018,1,Monday,New Year's Day,Y,1/01/2018,Monday
1/02/2018,2/01/2018,2,1,2018,2,Tuesday,Day after New Year's Day,Y,1/02/2018,Tuesday
01/22/2018,22/01/2018,22,1,2018,1,Monday,Wellington Anniversary,N,01/22/2018,Monday
01/29/2018,29/01/2018,29,1,2018,1,Monday,Auckland Anniversary,N,01/29/2018,Monday
01/29/2018,29/01/2018,29,1,2018,1,Monday,Nelson Anniversary,N,01/29/2018,Monday
2/06/2018,6/02/2018,6,2,2018,2,Tuesday,Waitangi Day,Y,2/06/2018,Tuesday
3/12/2018,12/03/2018,12,3,2018,1,Monday,Taranaki Anniversary,N,3/12/2018,Monday
03/26/2018,26/03/2018,26,3,2018,1,Monday,Otago Anniversary,N,03/26/2018,Monday
03/30/2018,30/03/2018,30,3,2018,5,Friday,Good Friday,Y,03/30/2018,Friday
4/02/2018,2/04/2018,2,4,2018,1,Monday,Easter Monday,Y,4/02/2018,Monday
4/03/2018,3/04/2018,3,4,2018,2,Tuesday,Southland Anniversary,N,4/03/2018,Tuesday
04/25/2018,25/04/2018,25,4,2018,3,Wednesday,ANZAC Day,Y,04/25/2018,Wednesday
6/04/2018,4/06/2018,4,6,2018,1,Monday,Queen's Birthday,Y,6/04/2018,Monday
09/24/2018,24/09/2018,24,9,2018,1,Monday,South Canterbury Anniversary,N,09/24/2018,Monday
10/19/2018,19/10/2018,19,10,2018,5,Friday,Hawke's Bay Anniversary,N,10/19/2018,Friday
10/22/2018,22/10/2018,22,10,2018,1,Monday,Labour Day,Y,10/22/2018,Monday
10/29/2018,29/10/2018,29,10,2018,1,Monday,Marlborough Anniversary,N,10/29/2018,Monday
11/16/2018,16/11/2018,16,11,2018,5,Friday,Canterbury Anniversary,N,11/16/2018,Friday
12/03/2018,3/12/2018,3,12,2018,1,Monday,Westland Anniversary,N,12/03/2018,Monday
12/03/2018,3/12/2018,3,12,2018,1,Monday,Chatham Islands Anniversary,N,12/03/2018,Monday
12/25/2018,25/12/2018,25,12,2018,2,Tuesday,Christmas Day,Y,12/25/2018,Tuesday
12/26/2018,26/12/2018,26,12,2018,3,Wednesday,Boxing Day,Y,12/26/2018,Wednesday
1/01/2019,1/01/2019,1,1,2019,2,Tuesday,New Year's Day,Y,1/01/2019,Tuesday
1/02/2019,2/01/2019,2,1,2019,3,Wednesday,Day after New Year's Day,Y,1/02/2019,Wednesday
01/21/2019,21/01/2019,21,1,2019,1,Monday,Wellington Anniversary,N,01/21/2019,Monday
01/28/2019,28/01/2019,28,1,2019,1,Monday,Auckland Anniversary,N,01/28/2019,Monday
2/04/2019,4/02/2019,4,2,2019,1,Monday,Nelson Anniversary,N,2/04/2019,Monday
2/06/2019,6/02/2019,6,2,2019,3,Wednesday,Waitangi Day,Y,2/06/2019,Wednesday
3/11/2019,11/03/2019,11,3,2019,1,Monday,Taranaki Anniversary,N,3/11/2019,Monday
03/25/2019,25/03/2019,25,3,2019,1,Monday,Otago Anniversary,N,03/25/2019,Monday
04/19/2019,19/04/2019,19,4,2019,5,Friday,Good Friday,Y,04/19/2019,Friday
04/22/2019,22/04/2019,22,4,2019,1,Monday,Easter Monday,Y,04/22/2019,Monday
04/23/2019,23/04/2019,23,4,2019,2,Tuesday,Southland Anniversary,N,04/23/2019,Tuesday
04/25/2019,25/04/2019,25,4,2019,4,Thursday,ANZAC Day,Y,04/25/2019,Thursday
6/03/2019,3/06/2019,3,6,2019,1,Monday,Queen's Birthday,Y,6/03/2019,Monday
09/23/2019,23/09/2019,23,9,2019,1,Monday,South Canterbury Anniversary,N,09/23/2019,Monday
10/25/2019,25/10/2019,25,10,2019,5,Friday,Hawke's Bay Anniversary,N,10/25/2019,Friday
10/28/2019,28/10/2019,28,10,2019,1,Monday,Labour Day,Y,10/28/2019,Monday
11/04/2019,4/11/2019,4,11,2019,1,Monday,Marlborough Anniversary,N,11/04/2019,Monday
11/15/2019,15/11/2019,15,11,2019,5,Friday,Canterbury Anniversary,N,11/15/2019,Friday
12/02/2019,2/12/2019,2,12,2019,1,Monday,Westland Anniversary,N,12/02/2019,Monday
12/02/2019,2/12/2019,2,12,2019,1,Monday,Chatham Islands Anniversary,N,12/02/2019,Monday
12/25/2019,25/12/2019,25,12,2019,3,Wednesday,Christmas Day,Y,12/25/2019,Wednesday
12/26/2019,26/12/2019,26,12,2019,4,Thursday,Boxing Day,Y,12/26/2019,Thursday
1/01/2020,1/01/2020,1,1,2020,3,Wednesday,New Year's Day,Y,1/01/2020,Wednesday
1/02/2020,2/01/2020,2,1,2020,4,Thursday,Day after New Year's Day,Y,1/02/2020,Thursday
01/20/2020,20/01/2020,20,1,2020,1,Monday,Wellington Anniversary,N,01/20/2020,Monday
01/27/2020,27/01/2020,27,1,2020,1,Monday,Auckland Anniversary,N,01/27/2020,Monday
2/03/2020,3/02/2020,3,2,2020,1,Monday,Nelson Anniversary,N,2/03/2020,Monday
2/06/2020,6/02/2020,6,2,2020,4,Thursday,Waitangi Day,Y,2/06/2020,Thursday
3/09/2020,9/03/2020,9,3,2020,1,Monday,Taranaki Anniversary,N,3/09/2020,Monday
03/23/2020,23/03/2020,23,3,2020,1,Monday,Otago Anniversary,N,03/23/2020,Monday
4/10/2020,10/04/2020,10,4,2020,5,Friday,Good Friday,Y,4/10/2020,Friday
04/13/2020,13/04/2020,13,4,2020,1,Monday,Easter Monday,Y,04/13/2020,Monday
04/14/2020,14/04/2020,14,4,2020,2,Tuesday,Southland Anniversary,N,04/14/2020,Tuesday
04/25/2020,25/04/2020,25,4,2020,6,Saturday,ANZAC Day,Y,04/27/2020,Monday
6/01/2020,1/06/2020,1,6,2020,1,Monday,Queen's Birthday,Y,6/01/2020,Monday
09/28/2020,28/09/2020,28,9,2020,1,Monday,South Canterbury Anniversary,N,09/28/2020,Monday
10/23/2020,23/10/2020,23,10,2020,5,Friday,Hawke's Bay Anniversary,N,10/23/2020,Friday
10/26/2020,26/10/2020,26,10,2020,1,Monday,Labour Day,Y,10/26/2020,Monday
11/02/2020,2/11/2020,2,11,2020,1,Monday,Marlborough Anniversary,N,11/02/2020,Monday
11/13/2020,13/11/2020,13,11,2020,5,Friday,Canterbury Anniversary,N,11/13/2020,Friday
11/30/2020,30/11/2020,30,11,2020,1,Monday,Westland Anniversary,N,11/30/2020,Monday
11/30/2020,30/11/2020,30,11,2020,1,Monday,Chatham Islands Anniversary,N,11/30/2020,Monday
12/25/2020,25/12/2020,25,12,2020,5,Friday,Christmas Day,Y,12/25/2020,Friday
12/26/2020,26/12/2020,26,12,2020,6,Saturday,Boxing Day,Y,12/28/2020,Monday
